<?xml version="1.0" encoding="UTF-8"?>
<kml xmlns="http://www.opengis.net/kml/2.2" xmlns:gx="http://www.google.com/kml/ext/2.2" xmlns:kml="http://www.opengis.net/kml/2.2" xmlns:atom="http://www.w3.org/2005/Atom">
<Document>
	<name>Truleigh Manor Farm Field Maps.kmz</name>
	<Style id="s_ylw-pushpin_hl42">
		<IconStyle>
			<Icon>
			</Icon>
		</IconStyle>
		<LabelStyle>
			<scale>0.6</scale>
		</LabelStyle>
	</Style>
	<Style id="s_ylw-pushpin35">
		<IconStyle>
			<Icon>
			</Icon>
		</IconStyle>
		<LabelStyle>
			<scale>0.6</scale>
		</LabelStyle>
	</Style>
	<StyleMap id="m_ylw-pushpin25">
		<Pair>
			<key>normal</key>
			<styleUrl>#s_ylw-pushpin35</styleUrl>
		</Pair>
		<Pair>
			<key>highlight</key>
			<styleUrl>#s_ylw-pushpin_hl42</styleUrl>
		</Pair>
	</StyleMap>
	<Style id="s_ylw-pushpin_hl14">
		<IconStyle>
			<Icon>
			</Icon>
		</IconStyle>
		<LabelStyle>
			<scale>0.6</scale>
		</LabelStyle>
	</Style>
	<Style id="s_ylw-pushpin14">
		<IconStyle>
			<Icon>
			</Icon>
		</IconStyle>
		<LabelStyle>
			<scale>0.6</scale>
		</LabelStyle>
	</Style>
	<StyleMap id="m_ylw-pushpin3">
		<Pair>
			<key>normal</key>
			<styleUrl>#s_ylw-pushpin14</styleUrl>
		</Pair>
		<Pair>
			<key>highlight</key>
			<styleUrl>#s_ylw-pushpin_hl14</styleUrl>
		</Pair>
	</StyleMap>
	<Style id="s_ylw-pushpin">
		<IconStyle>
			<Icon>
			</Icon>
		</IconStyle>
		<LabelStyle>
			<scale>0.6</scale>
		</LabelStyle>
	</Style>
	<StyleMap id="m_ylw-pushpin37">
		<Pair>
			<key>normal</key>
			<styleUrl>#s_ylw-pushpin</styleUrl>
		</Pair>
		<Pair>
			<key>highlight</key>
			<styleUrl>#s_ylw-pushpin_hl5</styleUrl>
		</Pair>
	</StyleMap>
	<Style id="s_ylw-pushpin_hl22">
		<IconStyle>
			<Icon>
			</Icon>
		</IconStyle>
		<LabelStyle>
			<scale>0.6</scale>
		</LabelStyle>
	</Style>
	<Style id="s_ylw-pushpin10">
		<IconStyle>
			<Icon>
			</Icon>
		</IconStyle>
		<LabelStyle>
			<scale>0.6</scale>
		</LabelStyle>
	</Style>
	<StyleMap id="m_ylw-pushpin11">
		<Pair>
			<key>normal</key>
			<styleUrl>#s_ylw-pushpin10</styleUrl>
		</Pair>
		<Pair>
			<key>highlight</key>
			<styleUrl>#s_ylw-pushpin_hl22</styleUrl>
		</Pair>
	</StyleMap>
	<StyleMap id="m_ylw-pushpin0">
		<Pair>
			<key>normal</key>
			<styleUrl>#s_ylw-pushpin47</styleUrl>
		</Pair>
		<Pair>
			<key>highlight</key>
			<styleUrl>#s_ylw-pushpin_hl48</styleUrl>
		</Pair>
	</StyleMap>
	<Style id="s_ylw-pushpin_hl7">
		<IconStyle>
			<Icon>
			</Icon>
		</IconStyle>
		<LabelStyle>
			<scale>0.6</scale>
		</LabelStyle>
	</Style>
	<Style id="s_ylw-pushpin_hl10">
		<IconStyle>
			<Icon>
			</Icon>
		</IconStyle>
		<LabelStyle>
			<scale>0.6</scale>
		</LabelStyle>
	</Style>
	<StyleMap id="m_ylw-pushpin34">
		<Pair>
			<key>normal</key>
			<styleUrl>#s_ylw-pushpin5</styleUrl>
		</Pair>
		<Pair>
			<key>highlight</key>
			<styleUrl>#s_ylw-pushpin_hl10</styleUrl>
		</Pair>
	</StyleMap>
	<Style id="s_ylw-pushpin_hl21">
		<IconStyle>
			<Icon>
			</Icon>
		</IconStyle>
		<LabelStyle>
			<scale>0.6</scale>
		</LabelStyle>
	</Style>
	<Style id="s_ylw-pushpin13">
		<IconStyle>
			<Icon>
			</Icon>
		</IconStyle>
		<LabelStyle>
			<scale>0.6</scale>
		</LabelStyle>
	</Style>
	<StyleMap id="m_ylw-pushpin62">
		<Pair>
			<key>normal</key>
			<styleUrl>#s_ylw-pushpin13</styleUrl>
		</Pair>
		<Pair>
			<key>highlight</key>
			<styleUrl>#s_ylw-pushpin_hl21</styleUrl>
		</Pair>
	</StyleMap>
	<Style id="s_ylw-pushpin22">
		<IconStyle>
			<Icon>
			</Icon>
		</IconStyle>
		<LabelStyle>
			<scale>0.6</scale>
		</LabelStyle>
	</Style>
	<StyleMap id="m_ylw-pushpin5">
		<Pair>
			<key>normal</key>
			<styleUrl>#s_ylw-pushpin22</styleUrl>
		</Pair>
		<Pair>
			<key>highlight</key>
			<styleUrl>#s_ylw-pushpin_hl30</styleUrl>
		</Pair>
	</StyleMap>
	<Style id="s_ylw-pushpin_hl47">
		<IconStyle>
			<Icon>
			</Icon>
		</IconStyle>
		<LabelStyle>
			<scale>0.6</scale>
		</LabelStyle>
	</Style>
	<Style id="s_ylw-pushpin58">
		<IconStyle>
			<Icon>
			</Icon>
		</IconStyle>
		<LabelStyle>
			<scale>0.6</scale>
		</LabelStyle>
	</Style>
	<Style id="s_ylw-pushpin41">
		<IconStyle>
			<Icon>
			</Icon>
		</IconStyle>
		<LabelStyle>
			<scale>0.6</scale>
		</LabelStyle>
	</Style>
	<StyleMap id="m_ylw-pushpin16">
		<Pair>
			<key>normal</key>
			<styleUrl>#s_ylw-pushpin0</styleUrl>
		</Pair>
		<Pair>
			<key>highlight</key>
			<styleUrl>#s_ylw-pushpin_hl6</styleUrl>
		</Pair>
	</StyleMap>
	<StyleMap id="m_ylw-pushpin56">
		<Pair>
			<key>normal</key>
			<styleUrl>#s_ylw-pushpin41</styleUrl>
		</Pair>
		<Pair>
			<key>highlight</key>
			<styleUrl>#s_ylw-pushpin_hl47</styleUrl>
		</Pair>
	</StyleMap>
	<StyleMap id="m_ylw-pushpin">
		<Pair>
			<key>normal</key>
			<styleUrl>#s_ylw-pushpin11</styleUrl>
		</Pair>
		<Pair>
			<key>highlight</key>
			<styleUrl>#s_ylw-pushpin_hl15</styleUrl>
		</Pair>
	</StyleMap>
	<Style id="s_ylw-pushpin_hl40">
		<IconStyle>
			<Icon>
			</Icon>
		</IconStyle>
		<LabelStyle>
			<scale>0.6</scale>
		</LabelStyle>
	</Style>
	<Style id="s_ylw-pushpin51">
		<IconStyle>
			<Icon>
			</Icon>
		</IconStyle>
		<LabelStyle>
			<scale>0.6</scale>
		</LabelStyle>
	</Style>
	<Style id="s_ylw-pushpin17">
		<IconStyle>
			<Icon>
			</Icon>
		</IconStyle>
		<LabelStyle>
			<scale>0.6</scale>
		</LabelStyle>
	</Style>
	<Style id="s_ylw-pushpin_hl25">
		<IconStyle>
			<Icon>
			</Icon>
		</IconStyle>
		<LabelStyle>
			<scale>0.6</scale>
		</LabelStyle>
	</Style>
	<Style id="s_ylw-pushpin_hl19">
		<IconStyle>
			<Icon>
			</Icon>
		</IconStyle>
		<LabelStyle>
			<scale>0.6</scale>
		</LabelStyle>
	</Style>
	<Style id="s_ylw-pushpin6">
		<IconStyle>
			<Icon>
			</Icon>
		</IconStyle>
		<LabelStyle>
			<scale>0.6</scale>
		</LabelStyle>
	</Style>
	<Style id="s_ylw-pushpin_hl56">
		<IconStyle>
			<Icon>
			</Icon>
		</IconStyle>
		<LabelStyle>
			<scale>0.6</scale>
		</LabelStyle>
	</Style>
	<Style id="s_ylw-pushpin_hl53">
		<IconStyle>
			<Icon>
			</Icon>
		</IconStyle>
		<LabelStyle>
			<scale>0.6</scale>
		</LabelStyle>
	</Style>
	<StyleMap id="m_ylw-pushpin33">
		<Pair>
			<key>normal</key>
			<styleUrl>#s_ylw-pushpin34</styleUrl>
		</Pair>
		<Pair>
			<key>highlight</key>
			<styleUrl>#s_ylw-pushpin_hl53</styleUrl>
		</Pair>
	</StyleMap>
	<Style id="s_ylw-pushpin_hl9">
		<IconStyle>
			<Icon>
			</Icon>
		</IconStyle>
		<LabelStyle>
			<scale>0.6</scale>
		</LabelStyle>
	</Style>
	<Style id="s_ylw-pushpin_hl35">
		<IconStyle>
			<Icon>
			</Icon>
		</IconStyle>
		<LabelStyle>
			<scale>0.6</scale>
		</LabelStyle>
	</Style>
	<Style id="s_ylw-pushpin_hl0">
		<IconStyle>
			<Icon>
			</Icon>
		</IconStyle>
		<LabelStyle>
			<scale>0.6</scale>
		</LabelStyle>
	</Style>
	<Style id="s_ylw-pushpin5">
		<IconStyle>
			<Icon>
			</Icon>
		</IconStyle>
		<LabelStyle>
			<scale>0.6</scale>
		</LabelStyle>
	</Style>
	<Style id="s_ylw-pushpin_hl37">
		<IconStyle>
			<Icon>
			</Icon>
		</IconStyle>
		<LabelStyle>
			<scale>0.6</scale>
		</LabelStyle>
	</Style>
	<Style id="s_ylw-pushpin_hl31">
		<IconStyle>
			<Icon>
			</Icon>
		</IconStyle>
		<LabelStyle>
			<scale>0.6</scale>
		</LabelStyle>
	</Style>
	<Style id="s_ylw-pushpin_hl4">
		<IconStyle>
			<Icon>
			</Icon>
		</IconStyle>
		<LabelStyle>
			<scale>0.6</scale>
		</LabelStyle>
	</Style>
	<StyleMap id="m_ylw-pushpin27">
		<Pair>
			<key>normal</key>
			<styleUrl>#s_ylw-pushpin17</styleUrl>
		</Pair>
		<Pair>
			<key>highlight</key>
			<styleUrl>#s_ylw-pushpin_hl9</styleUrl>
		</Pair>
	</StyleMap>
	<StyleMap id="msn_red-diamond1">
		<Pair>
			<key>normal</key>
			<styleUrl>#sn_red-diamond</styleUrl>
		</Pair>
		<Pair>
			<key>highlight</key>
			<styleUrl>#sh_red-diamond</styleUrl>
		</Pair>
	</StyleMap>
	<Style id="s_ylw-pushpin_hl38">
		<IconStyle>
			<Icon>
			</Icon>
		</IconStyle>
		<LabelStyle>
			<scale>0.6</scale>
		</LabelStyle>
	</Style>
	<Style id="s_ylw-pushpin52">
		<IconStyle>
			<Icon>
			</Icon>
		</IconStyle>
		<LabelStyle>
			<scale>0.6</scale>
		</LabelStyle>
	</Style>
	<Style id="s_ylw-pushpin0">
		<IconStyle>
			<Icon>
			</Icon>
		</IconStyle>
		<LabelStyle>
			<scale>0.6</scale>
		</LabelStyle>
	</Style>
	<StyleMap id="m_ylw-pushpin6">
		<Pair>
			<key>normal</key>
			<styleUrl>#s_ylw-pushpin2</styleUrl>
		</Pair>
		<Pair>
			<key>highlight</key>
			<styleUrl>#s_ylw-pushpin_hl57</styleUrl>
		</Pair>
	</StyleMap>
	<Style id="s_ylw-pushpin_hl54">
		<IconStyle>
			<Icon>
			</Icon>
		</IconStyle>
		<LabelStyle>
			<scale>0.6</scale>
		</LabelStyle>
	</Style>
	<StyleMap id="m_ylw-pushpin55">
		<Pair>
			<key>normal</key>
			<styleUrl>#s_ylw-pushpin60</styleUrl>
		</Pair>
		<Pair>
			<key>highlight</key>
			<styleUrl>#s_ylw-pushpin_hl0</styleUrl>
		</Pair>
	</StyleMap>
	<StyleMap id="m_ylw-pushpin47">
		<Pair>
			<key>normal</key>
			<styleUrl>#s_ylw-pushpin23</styleUrl>
		</Pair>
		<Pair>
			<key>highlight</key>
			<styleUrl>#s_ylw-pushpin_hl24</styleUrl>
		</Pair>
	</StyleMap>
	<Style id="s_ylw-pushpin49">
		<IconStyle>
			<Icon>
			</Icon>
		</IconStyle>
		<LabelStyle>
			<scale>0.6</scale>
		</LabelStyle>
	</Style>
	<StyleMap id="m_ylw-pushpin49">
		<Pair>
			<key>normal</key>
			<styleUrl>#s_ylw-pushpin49</styleUrl>
		</Pair>
		<Pair>
			<key>highlight</key>
			<styleUrl>#s_ylw-pushpin_hl51</styleUrl>
		</Pair>
	</StyleMap>
	<Style id="sh_ylw-pushpin0">
		<IconStyle>
			<scale>1.3</scale>
			<Icon>
				<href>https://maps.google.com/mapfiles/kml/pushpin/ylw-pushpin.png</href>
			</Icon>
			<hotSpot x="20" y="2" xunits="pixels" yunits="pixels"/>
		</IconStyle>
		<LineStyle>
			<color>ff0affff</color>
		</LineStyle>
		<PolyStyle>
			<color>ff0701fc</color>
			<fill>0</fill>
		</PolyStyle>
	</Style>
	<Style id="s_ylw-pushpin_hl28">
		<IconStyle>
			<Icon>
			</Icon>
		</IconStyle>
		<LabelStyle>
			<scale>0.6</scale>
		</LabelStyle>
	</Style>
	<Style id="s_ylw-pushpin26">
		<IconStyle>
			<Icon>
			</Icon>
		</IconStyle>
		<LabelStyle>
			<scale>0.6</scale>
		</LabelStyle>
	</Style>
	<StyleMap id="m_ylw-pushpin51">
		<Pair>
			<key>normal</key>
			<styleUrl>#s_ylw-pushpin20</styleUrl>
		</Pair>
		<Pair>
			<key>highlight</key>
			<styleUrl>#s_ylw-pushpin_hl28</styleUrl>
		</Pair>
	</StyleMap>
	<Style id="s_ylw-pushpin_hl16">
		<IconStyle>
			<Icon>
			</Icon>
		</IconStyle>
		<LabelStyle>
			<scale>0.6</scale>
		</LabelStyle>
	</Style>
	<StyleMap id="m_ylw-pushpin8">
		<Pair>
			<key>normal</key>
			<styleUrl>#s_ylw-pushpin30</styleUrl>
		</Pair>
		<Pair>
			<key>highlight</key>
			<styleUrl>#s_ylw-pushpin_hl32</styleUrl>
		</Pair>
	</StyleMap>
	<Style id="s_ylw-pushpin_hl29">
		<IconStyle>
			<Icon>
			</Icon>
		</IconStyle>
		<LabelStyle>
			<scale>0.6</scale>
		</LabelStyle>
	</Style>
	<Style id="s_ylw-pushpin_hl1">
		<IconStyle>
			<Icon>
			</Icon>
		</IconStyle>
		<LabelStyle>
			<scale>0.6</scale>
		</LabelStyle>
	</Style>
	<StyleMap id="m_ylw-pushpin4">
		<Pair>
			<key>normal</key>
			<styleUrl>#s_ylw-pushpin36</styleUrl>
		</Pair>
		<Pair>
			<key>highlight</key>
			<styleUrl>#s_ylw-pushpin_hl38</styleUrl>
		</Pair>
	</StyleMap>
	<Style id="s_ylw-pushpin_hl18">
		<IconStyle>
			<Icon>
			</Icon>
		</IconStyle>
		<LabelStyle>
			<scale>0.6</scale>
		</LabelStyle>
	</Style>
	<StyleMap id="m_ylw-pushpin14">
		<Pair>
			<key>normal</key>
			<styleUrl>#s_ylw-pushpin7</styleUrl>
		</Pair>
		<Pair>
			<key>highlight</key>
			<styleUrl>#s_ylw-pushpin_hl18</styleUrl>
		</Pair>
	</StyleMap>
	<StyleMap id="msn_ylw-pushpin">
		<Pair>
			<key>normal</key>
			<styleUrl>#sn_ylw-pushpin1</styleUrl>
		</Pair>
		<Pair>
			<key>highlight</key>
			<styleUrl>#sh_ylw-pushpin2</styleUrl>
		</Pair>
	</StyleMap>
	<Style id="s_ylw-pushpin_hl55">
		<IconStyle>
			<Icon>
			</Icon>
		</IconStyle>
		<LabelStyle>
			<scale>0.6</scale>
		</LabelStyle>
	</Style>
	<StyleMap id="m_ylw-pushpin35">
		<Pair>
			<key>normal</key>
			<styleUrl>#s_ylw-pushpin51</styleUrl>
		</Pair>
		<Pair>
			<key>highlight</key>
			<styleUrl>#s_ylw-pushpin_hl40</styleUrl>
		</Pair>
	</StyleMap>
	<Style id="sn_red-diamond0">
		<IconStyle>
			<Icon>
			</Icon>
		</IconStyle>
		<LabelStyle>
			<scale>0.6</scale>
		</LabelStyle>
	</Style>
	<Style id="s_ylw-pushpin54">
		<IconStyle>
			<Icon>
			</Icon>
		</IconStyle>
		<LabelStyle>
			<scale>0.6</scale>
		</LabelStyle>
	</Style>
	<StyleMap id="m_ylw-pushpin12">
		<Pair>
			<key>normal</key>
			<styleUrl>#s_ylw-pushpin54</styleUrl>
		</Pair>
		<Pair>
			<key>highlight</key>
			<styleUrl>#s_ylw-pushpin_hl55</styleUrl>
		</Pair>
	</StyleMap>
	<StyleMap id="m_ylw-pushpin30">
		<Pair>
			<key>normal</key>
			<styleUrl>#s_ylw-pushpin43</styleUrl>
		</Pair>
		<Pair>
			<key>highlight</key>
			<styleUrl>#s_ylw-pushpin_hl35</styleUrl>
		</Pair>
	</StyleMap>
	<Style id="s_ylw-pushpin23">
		<IconStyle>
			<Icon>
			</Icon>
		</IconStyle>
		<LabelStyle>
			<scale>0.6</scale>
		</LabelStyle>
	</Style>
	<StyleMap id="m_ylw-pushpin28">
		<Pair>
			<key>normal</key>
			<styleUrl>#s_ylw-pushpin19</styleUrl>
		</Pair>
		<Pair>
			<key>highlight</key>
			<styleUrl>#s_ylw-pushpin_hl13</styleUrl>
		</Pair>
	</StyleMap>
	<StyleMap id="msn_ylw-pushpin1">
		<Pair>
			<key>normal</key>
			<styleUrl>#sn_ylw-pushpin</styleUrl>
		</Pair>
		<Pair>
			<key>highlight</key>
			<styleUrl>#sh_ylw-pushpin0</styleUrl>
		</Pair>
	</StyleMap>
	<Style id="sh_ylw-pushpin2">
		<IconStyle>
			<scale>1.3</scale>
			<Icon>
				<href>https://maps.google.com/mapfiles/kml/pushpin/ylw-pushpin.png</href>
			</Icon>
			<hotSpot x="20" y="2" xunits="pixels" yunits="pixels"/>
		</IconStyle>
		<LineStyle>
			<color>ff0affff</color>
		</LineStyle>
		<PolyStyle>
			<color>ff0701fc</color>
			<fill>0</fill>
		</PolyStyle>
	</Style>
	<Style id="sh_ylw-pushpin">
		<IconStyle>
			<scale>1.3</scale>
			<Icon>
				<href>https://maps.google.com/mapfiles/kml/pushpin/ylw-pushpin.png</href>
			</Icon>
			<hotSpot x="20" y="2" xunits="pixels" yunits="pixels"/>
		</IconStyle>
		<LineStyle>
			<color>ff0affff</color>
		</LineStyle>
		<PolyStyle>
			<color>ff0701fc</color>
			<fill>0</fill>
		</PolyStyle>
	</Style>
	<Style id="s_ylw-pushpin19">
		<IconStyle>
			<Icon>
			</Icon>
		</IconStyle>
		<LabelStyle>
			<scale>0.6</scale>
		</LabelStyle>
	</Style>
	<StyleMap id="m_ylw-pushpin31">
		<Pair>
			<key>normal</key>
			<styleUrl>#s_ylw-pushpin58</styleUrl>
		</Pair>
		<Pair>
			<key>highlight</key>
			<styleUrl>#s_ylw-pushpin_hl2</styleUrl>
		</Pair>
	</StyleMap>
	<Style id="sn_ylw-pushpin">
		<IconStyle>
			<scale>1.1</scale>
			<Icon>
				<href>https://maps.google.com/mapfiles/kml/pushpin/ylw-pushpin.png</href>
			</Icon>
			<hotSpot x="20" y="2" xunits="pixels" yunits="pixels"/>
		</IconStyle>
		<LineStyle>
			<color>ff0affff</color>
		</LineStyle>
		<PolyStyle>
			<color>ff0701fc</color>
			<fill>0</fill>
		</PolyStyle>
	</Style>
	<Style id="s_ylw-pushpin2">
		<IconStyle>
			<Icon>
			</Icon>
		</IconStyle>
		<LabelStyle>
			<scale>0.6</scale>
		</LabelStyle>
	</Style>
	<Style id="sh_ylw-pushpin1">
		<IconStyle>
			<scale>1.3</scale>
			<Icon>
				<href>https://maps.google.com/mapfiles/kml/pushpin/ylw-pushpin.png</href>
			</Icon>
			<hotSpot x="20" y="2" xunits="pixels" yunits="pixels"/>
		</IconStyle>
		<LineStyle>
			<color>ff0880fd</color>
		</LineStyle>
		<PolyStyle>
			<color>ff0701fc</color>
			<fill>0</fill>
		</PolyStyle>
	</Style>
	<Style id="sh_ylw-pushpin5">
		<IconStyle>
			<scale>1.3</scale>
			<Icon>
				<href>https://maps.google.com/mapfiles/kml/pushpin/ylw-pushpin.png</href>
			</Icon>
			<hotSpot x="20" y="2" xunits="pixels" yunits="pixels"/>
		</IconStyle>
		<LineStyle>
			<color>ff0affff</color>
		</LineStyle>
		<PolyStyle>
			<color>ff0701fc</color>
			<fill>0</fill>
		</PolyStyle>
	</Style>
	<Style id="s_ylw-pushpin_hl46">
		<IconStyle>
			<Icon>
			</Icon>
		</IconStyle>
		<LabelStyle>
			<scale>0.6</scale>
		</LabelStyle>
	</Style>
	<Style id="s_ylw-pushpin20">
		<IconStyle>
			<Icon>
			</Icon>
		</IconStyle>
		<LabelStyle>
			<scale>0.6</scale>
		</LabelStyle>
	</Style>
	<Style id="s_ylw-pushpin42">
		<IconStyle>
			<Icon>
			</Icon>
		</IconStyle>
		<LabelStyle>
			<scale>0.6</scale>
		</LabelStyle>
	</Style>
	<StyleMap id="m_ylw-pushpin17">
		<Pair>
			<key>normal</key>
			<styleUrl>#s_ylw-pushpin37</styleUrl>
		</Pair>
		<Pair>
			<key>highlight</key>
			<styleUrl>#s_ylw-pushpin_hl46</styleUrl>
		</Pair>
	</StyleMap>
	<Style id="s_ylw-pushpin_hl60">
		<IconStyle>
			<Icon>
			</Icon>
		</IconStyle>
		<LabelStyle>
			<scale>0.6</scale>
		</LabelStyle>
	</Style>
	<StyleMap id="m_ylw-pushpin46">
		<Pair>
			<key>normal</key>
			<styleUrl>#s_ylw-pushpin55</styleUrl>
		</Pair>
		<Pair>
			<key>highlight</key>
			<styleUrl>#s_ylw-pushpin_hl60</styleUrl>
		</Pair>
	</StyleMap>
	<Style id="sn_ylw-pushpin1">
		<IconStyle>
			<scale>1.1</scale>
			<Icon>
				<href>https://maps.google.com/mapfiles/kml/pushpin/ylw-pushpin.png</href>
			</Icon>
			<hotSpot x="20" y="2" xunits="pixels" yunits="pixels"/>
		</IconStyle>
		<LineStyle>
			<color>ff0affff</color>
		</LineStyle>
		<PolyStyle>
			<color>ff0701fc</color>
			<fill>0</fill>
		</PolyStyle>
	</Style>
	<Style id="s_ylw-pushpin_hl57">
		<IconStyle>
			<Icon>
			</Icon>
		</IconStyle>
		<LabelStyle>
			<scale>0.6</scale>
		</LabelStyle>
	</Style>
	<Style id="s_ylw-pushpin_hl8">
		<IconStyle>
			<Icon>
			</Icon>
		</IconStyle>
		<LabelStyle>
			<scale>0.6</scale>
		</LabelStyle>
	</Style>
	<Style id="s_ylw-pushpin_hl23">
		<IconStyle>
			<Icon>
			</Icon>
		</IconStyle>
		<LabelStyle>
			<scale>0.6</scale>
		</LabelStyle>
	</Style>
	<Style id="s_ylw-pushpin_hl2">
		<IconStyle>
			<Icon>
			</Icon>
		</IconStyle>
		<LabelStyle>
			<scale>0.6</scale>
		</LabelStyle>
	</Style>
	<StyleMap id="m_ylw-pushpin15">
		<Pair>
			<key>normal</key>
			<styleUrl>#s_ylw-pushpin31</styleUrl>
		</Pair>
		<Pair>
			<key>highlight</key>
			<styleUrl>#s_ylw-pushpin_hl44</styleUrl>
		</Pair>
	</StyleMap>
	<StyleMap id="m_ylw-pushpin1">
		<Pair>
			<key>normal</key>
			<styleUrl>#s_ylw-pushpin52</styleUrl>
		</Pair>
		<Pair>
			<key>highlight</key>
			<styleUrl>#s_ylw-pushpin_hl37</styleUrl>
		</Pair>
	</StyleMap>
	<Style id="s_ylw-pushpin_hl27">
		<IconStyle>
			<Icon>
			</Icon>
		</IconStyle>
		<LabelStyle>
			<scale>0.6</scale>
		</LabelStyle>
	</Style>
	<StyleMap id="m_ylw-pushpin13">
		<Pair>
			<key>normal</key>
			<styleUrl>#s_ylw-pushpin33</styleUrl>
		</Pair>
		<Pair>
			<key>highlight</key>
			<styleUrl>#s_ylw-pushpin_hl33</styleUrl>
		</Pair>
	</StyleMap>
	<Style id="s_ylw-pushpin_hl5">
		<IconStyle>
			<Icon>
			</Icon>
		</IconStyle>
		<LabelStyle>
			<scale>0.6</scale>
		</LabelStyle>
	</Style>
	<Style id="s_ylw-pushpin24">
		<IconStyle>
			<Icon>
			</Icon>
		</IconStyle>
		<LabelStyle>
			<scale>0.6</scale>
		</LabelStyle>
	</Style>
	<Style id="s_ylw-pushpin_hl24">
		<IconStyle>
			<Icon>
			</Icon>
		</IconStyle>
		<LabelStyle>
			<scale>0.6</scale>
		</LabelStyle>
	</Style>
	<StyleMap id="m_ylw-pushpin61">
		<Pair>
			<key>normal</key>
			<styleUrl>#s_ylw-pushpin61</styleUrl>
		</Pair>
		<Pair>
			<key>highlight</key>
			<styleUrl>#s_ylw-pushpin_hl4</styleUrl>
		</Pair>
	</StyleMap>
	<Style id="sn_ylw-pushpin5">
		<IconStyle>
			<scale>1.1</scale>
			<Icon>
				<href>https://maps.google.com/mapfiles/kml/pushpin/ylw-pushpin.png</href>
			</Icon>
			<hotSpot x="20" y="2" xunits="pixels" yunits="pixels"/>
		</IconStyle>
		<LineStyle>
			<color>ff0affff</color>
		</LineStyle>
		<PolyStyle>
			<color>ff0701fc</color>
			<fill>0</fill>
		</PolyStyle>
	</Style>
	<Style id="s_ylw-pushpin47">
		<IconStyle>
			<Icon>
			</Icon>
		</IconStyle>
		<LabelStyle>
			<scale>0.6</scale>
		</LabelStyle>
	</Style>
	<StyleMap id="m_ylw-pushpin24">
		<Pair>
			<key>normal</key>
			<styleUrl>#s_ylw-pushpin39</styleUrl>
		</Pair>
		<Pair>
			<key>highlight</key>
			<styleUrl>#s_ylw-pushpin_hl52</styleUrl>
		</Pair>
	</StyleMap>
	<Style id="s_ylw-pushpin_hl41">
		<IconStyle>
			<Icon>
			</Icon>
		</IconStyle>
		<LabelStyle>
			<scale>0.6</scale>
		</LabelStyle>
	</Style>
	<Style id="s_ylw-pushpin_hl6">
		<IconStyle>
			<Icon>
			</Icon>
		</IconStyle>
		<LabelStyle>
			<scale>0.6</scale>
		</LabelStyle>
	</Style>
	<Style id="s_ylw-pushpin30">
		<IconStyle>
			<Icon>
			</Icon>
		</IconStyle>
		<LabelStyle>
			<scale>0.6</scale>
		</LabelStyle>
	</Style>
	<Style id="s_ylw-pushpin46">
		<IconStyle>
			<Icon>
			</Icon>
		</IconStyle>
		<LabelStyle>
			<scale>0.6</scale>
		</LabelStyle>
	</Style>
	<Style id="s_ylw-pushpin28">
		<IconStyle>
			<Icon>
			</Icon>
		</IconStyle>
		<LabelStyle>
			<scale>0.6</scale>
		</LabelStyle>
	</Style>
	<Style id="s_ylw-pushpin18">
		<IconStyle>
			<Icon>
			</Icon>
		</IconStyle>
		<LabelStyle>
			<scale>0.6</scale>
		</LabelStyle>
	</Style>
	<StyleMap id="m_ylw-pushpin54">
		<Pair>
			<key>normal</key>
			<styleUrl>#s_ylw-pushpin44</styleUrl>
		</Pair>
		<Pair>
			<key>highlight</key>
			<styleUrl>#s_ylw-pushpin_hl39</styleUrl>
		</Pair>
	</StyleMap>
	<Style id="s_ylw-pushpin55">
		<IconStyle>
			<Icon>
			</Icon>
		</IconStyle>
		<LabelStyle>
			<scale>0.6</scale>
		</LabelStyle>
	</Style>
	<Style id="s_ylw-pushpin_hl17">
		<IconStyle>
			<Icon>
			</Icon>
		</IconStyle>
		<LabelStyle>
			<scale>0.6</scale>
		</LabelStyle>
	</Style>
	<Style id="s_ylw-pushpin57">
		<IconStyle>
			<Icon>
			</Icon>
		</IconStyle>
		<LabelStyle>
			<scale>0.6</scale>
		</LabelStyle>
	</Style>
	<StyleMap id="m_ylw-pushpin29">
		<Pair>
			<key>normal</key>
			<styleUrl>#s_ylw-pushpin57</styleUrl>
		</Pair>
		<Pair>
			<key>highlight</key>
			<styleUrl>#s_ylw-pushpin_hl56</styleUrl>
		</Pair>
	</StyleMap>
	<Style id="s_ylw-pushpin50">
		<IconStyle>
			<Icon>
			</Icon>
		</IconStyle>
		<LabelStyle>
			<scale>0.6</scale>
		</LabelStyle>
	</Style>
	<StyleMap id="m_ylw-pushpin44">
		<Pair>
			<key>normal</key>
			<styleUrl>#s_ylw-pushpin32</styleUrl>
		</Pair>
		<Pair>
			<key>highlight</key>
			<styleUrl>#s_ylw-pushpin_hl49</styleUrl>
		</Pair>
	</StyleMap>
	<StyleMap id="msn_ylw-pushpin4">
		<Pair>
			<key>normal</key>
			<styleUrl>#sn_ylw-pushpin5</styleUrl>
		</Pair>
		<Pair>
			<key>highlight</key>
			<styleUrl>#sh_ylw-pushpin5</styleUrl>
		</Pair>
	</StyleMap>
	<Style id="sh_ylw-pushpin4">
		<IconStyle>
			<scale>1.3</scale>
			<Icon>
				<href>https://maps.google.com/mapfiles/kml/pushpin/ylw-pushpin.png</href>
			</Icon>
			<hotSpot x="20" y="2" xunits="pixels" yunits="pixels"/>
		</IconStyle>
		<LineStyle>
			<color>ff20ff6e</color>
		</LineStyle>
	</Style>
	<StyleMap id="m_ylw-pushpin38">
		<Pair>
			<key>normal</key>
			<styleUrl>#s_ylw-pushpin62</styleUrl>
		</Pair>
		<Pair>
			<key>highlight</key>
			<styleUrl>#s_ylw-pushpin_hl1</styleUrl>
		</Pair>
	</StyleMap>
	<StyleMap id="m_ylw-pushpin43">
		<Pair>
			<key>normal</key>
			<styleUrl>#s_ylw-pushpin42</styleUrl>
		</Pair>
		<Pair>
			<key>highlight</key>
			<styleUrl>#s_ylw-pushpin_hl54</styleUrl>
		</Pair>
	</StyleMap>
	<Style id="s_ylw-pushpin_hl12">
		<IconStyle>
			<Icon>
			</Icon>
		</IconStyle>
		<LabelStyle>
			<scale>0.8</scale>
		</LabelStyle>
	</Style>
	<StyleMap id="m_ylw-pushpin2">
		<Pair>
			<key>normal</key>
			<styleUrl>#s_ylw-pushpin28</styleUrl>
		</Pair>
		<Pair>
			<key>highlight</key>
			<styleUrl>#s_ylw-pushpin_hl27</styleUrl>
		</Pair>
	</StyleMap>
	<StyleMap id="m_ylw-pushpin58">
		<Pair>
			<key>normal</key>
			<styleUrl>#s_ylw-pushpin24</styleUrl>
		</Pair>
		<Pair>
			<key>highlight</key>
			<styleUrl>#s_ylw-pushpin_hl23</styleUrl>
		</Pair>
	</StyleMap>
	<StyleMap id="m_ylw-pushpin03">
		<Pair>
			<key>normal</key>
			<styleUrl>#s_ylw-pushpin40</styleUrl>
		</Pair>
		<Pair>
			<key>highlight</key>
			<styleUrl>#s_ylw-pushpin_hl01</styleUrl>
		</Pair>
	</StyleMap>
	<Style id="s_ylw-pushpin_hl36">
		<IconStyle>
			<Icon>
			</Icon>
		</IconStyle>
		<LabelStyle>
			<scale>0.6</scale>
		</LabelStyle>
	</Style>
	<Style id="s_ylw-pushpin_hl51">
		<IconStyle>
			<Icon>
			</Icon>
		</IconStyle>
		<LabelStyle>
			<scale>0.6</scale>
		</LabelStyle>
	</Style>
	<Style id="s_ylw-pushpin_hl61">
		<IconStyle>
			<Icon>
			</Icon>
		</IconStyle>
		<LabelStyle>
			<scale>0.6</scale>
		</LabelStyle>
	</Style>
	<Style id="s_ylw-pushpin7">
		<IconStyle>
			<Icon>
			</Icon>
		</IconStyle>
		<LabelStyle>
			<scale>0.6</scale>
		</LabelStyle>
	</Style>
	<StyleMap id="msn_ylw-pushpin0">
		<Pair>
			<key>normal</key>
			<styleUrl>#sn_ylw-pushpin0</styleUrl>
		</Pair>
		<Pair>
			<key>highlight</key>
			<styleUrl>#sh_ylw-pushpin</styleUrl>
		</Pair>
	</StyleMap>
	<Style id="s_ylw-pushpin11">
		<IconStyle>
			<Icon>
			</Icon>
		</IconStyle>
		<LabelStyle>
			<scale>0.6</scale>
		</LabelStyle>
	</Style>
	<Style id="s_ylw-pushpin39">
		<IconStyle>
			<Icon>
			</Icon>
		</IconStyle>
		<LabelStyle>
			<scale>0.6</scale>
		</LabelStyle>
	</Style>
	<StyleMap id="msn_red-diamond">
		<Pair>
			<key>normal</key>
			<styleUrl>#sn_red-diamond0</styleUrl>
		</Pair>
		<Pair>
			<key>highlight</key>
			<styleUrl>#sh_red-diamond0</styleUrl>
		</Pair>
	</StyleMap>
	<StyleMap id="m_ylw-pushpin21">
		<Pair>
			<key>normal</key>
			<styleUrl>#s_ylw-pushpin9</styleUrl>
		</Pair>
		<Pair>
			<key>highlight</key>
			<styleUrl>#s_ylw-pushpin_hl20</styleUrl>
		</Pair>
	</StyleMap>
	<Style id="s_ylw-pushpin_hl11">
		<IconStyle>
			<Icon>
			</Icon>
		</IconStyle>
		<LabelStyle>
			<scale>0.6</scale>
		</LabelStyle>
	</Style>
	<StyleMap id="m_ylw-pushpin23">
		<Pair>
			<key>normal</key>
			<styleUrl>#s_ylw-pushpin46</styleUrl>
		</Pair>
		<Pair>
			<key>highlight</key>
			<styleUrl>#s_ylw-pushpin_hl41</styleUrl>
		</Pair>
	</StyleMap>
	<Style id="s_ylw-pushpin43">
		<IconStyle>
			<Icon>
			</Icon>
		</IconStyle>
		<LabelStyle>
			<scale>0.6</scale>
		</LabelStyle>
	</Style>
	<Style id="s_ylw-pushpin_hl58">
		<IconStyle>
			<Icon>
			</Icon>
		</IconStyle>
		<LabelStyle>
			<scale>0.6</scale>
		</LabelStyle>
	</Style>
	<Style id="s_ylw-pushpin56">
		<IconStyle>
			<Icon>
			</Icon>
		</IconStyle>
		<LabelStyle>
			<scale>0.6</scale>
		</LabelStyle>
	</Style>
	<StyleMap id="m_ylw-pushpin41">
		<Pair>
			<key>normal</key>
			<styleUrl>#s_ylw-pushpin56</styleUrl>
		</Pair>
		<Pair>
			<key>highlight</key>
			<styleUrl>#s_ylw-pushpin_hl58</styleUrl>
		</Pair>
	</StyleMap>
	<Style id="s_ylw-pushpin_hl34">
		<IconStyle>
			<Icon>
			</Icon>
		</IconStyle>
		<LabelStyle>
			<scale>0.6</scale>
		</LabelStyle>
	</Style>
	<Style id="s_ylw-pushpin_hl26">
		<IconStyle>
			<Icon>
			</Icon>
		</IconStyle>
		<LabelStyle>
			<scale>0.6</scale>
		</LabelStyle>
	</Style>
	<Style id="s_ylw-pushpin_hl52">
		<IconStyle>
			<Icon>
			</Icon>
		</IconStyle>
		<LabelStyle>
			<scale>0.6</scale>
		</LabelStyle>
	</Style>
	<Style id="sh_red-diamond">
		<IconStyle>
			<Icon>
			</Icon>
		</IconStyle>
		<LabelStyle>
			<scale>0.6</scale>
		</LabelStyle>
	</Style>
	<Style id="s_ylw-pushpin27">
		<IconStyle>
			<Icon>
			</Icon>
		</IconStyle>
		<LabelStyle>
			<scale>0.6</scale>
		</LabelStyle>
	</Style>
	<Style id="s_ylw-pushpin_hl43">
		<IconStyle>
			<Icon>
			</Icon>
		</IconStyle>
		<LabelStyle>
			<scale>0.6</scale>
		</LabelStyle>
	</Style>
	<Style id="s_ylw-pushpin_hl44">
		<IconStyle>
			<Icon>
			</Icon>
		</IconStyle>
		<LabelStyle>
			<scale>0.6</scale>
		</LabelStyle>
	</Style>
	<Style id="s_ylw-pushpin_hl33">
		<IconStyle>
			<Icon>
			</Icon>
		</IconStyle>
		<LabelStyle>
			<scale>0.6</scale>
		</LabelStyle>
	</Style>
	<Style id="sh_red-diamond0">
		<IconStyle>
			<Icon>
			</Icon>
		</IconStyle>
		<LabelStyle>
			<scale>0.6</scale>
		</LabelStyle>
	</Style>
	<StyleMap id="m_ylw-pushpin60">
		<Pair>
			<key>normal</key>
			<styleUrl>#s_ylw-pushpin01</styleUrl>
		</Pair>
		<Pair>
			<key>highlight</key>
			<styleUrl>#s_ylw-pushpin_hl020</styleUrl>
		</Pair>
	</StyleMap>
	<StyleMap id="m_ylw-pushpin59">
		<Pair>
			<key>normal</key>
			<styleUrl>#s_ylw-pushpin15</styleUrl>
		</Pair>
		<Pair>
			<key>highlight</key>
			<styleUrl>#s_ylw-pushpin_hl16</styleUrl>
		</Pair>
	</StyleMap>
	<Style id="s_ylw-pushpin_hl01">
		<IconStyle>
			<scale>1.3</scale>
			<Icon>
				<href>https://maps.google.com/mapfiles/kml/pushpin/ylw-pushpin.png</href>
			</Icon>
			<hotSpot x="20" y="2" xunits="pixels" yunits="pixels"/>
		</IconStyle>
	</Style>
	<Style id="s_ylw-pushpin36">
		<IconStyle>
			<Icon>
			</Icon>
		</IconStyle>
		<LabelStyle>
			<scale>0.6</scale>
		</LabelStyle>
	</Style>
	<StyleMap id="m_ylw-pushpin53">
		<Pair>
			<key>normal</key>
			<styleUrl>#s_ylw-pushpin53</styleUrl>
		</Pair>
		<Pair>
			<key>highlight</key>
			<styleUrl>#s_ylw-pushpin_hl34</styleUrl>
		</Pair>
	</StyleMap>
	<Style id="s_ylw-pushpin_hl15">
		<IconStyle>
			<Icon>
			</Icon>
		</IconStyle>
		<LabelStyle>
			<scale>0.6</scale>
		</LabelStyle>
	</Style>
	<StyleMap id="m_ylw-pushpin26">
		<Pair>
			<key>normal</key>
			<styleUrl>#s_ylw-pushpin45</styleUrl>
		</Pair>
		<Pair>
			<key>highlight</key>
			<styleUrl>#s_ylw-pushpin_hl36</styleUrl>
		</Pair>
	</StyleMap>
	<Style id="s_ylw-pushpin34">
		<IconStyle>
			<Icon>
			</Icon>
		</IconStyle>
		<LabelStyle>
			<scale>0.6</scale>
		</LabelStyle>
	</Style>
	<Style id="sn_red-diamond1">
		<IconStyle>
			<Icon>
			</Icon>
		</IconStyle>
		<LabelStyle>
			<scale>0.6</scale>
		</LabelStyle>
	</Style>
	<Style id="sh_ylw-pushpin40">
		<IconStyle>
			<scale>1.3</scale>
			<Icon>
				<href>https://maps.google.com/mapfiles/kml/pushpin/ylw-pushpin.png</href>
			</Icon>
			<hotSpot x="20" y="2" xunits="pixels" yunits="pixels"/>
		</IconStyle>
	</Style>
	<StyleMap id="msn_red-diamond0">
		<Pair>
			<key>normal</key>
			<styleUrl>#sn_red-diamond1</styleUrl>
		</Pair>
		<Pair>
			<key>highlight</key>
			<styleUrl>#sh_red-diamond1</styleUrl>
		</Pair>
	</StyleMap>
	<Style id="s_ylw-pushpin32">
		<IconStyle>
			<Icon>
			</Icon>
		</IconStyle>
		<LabelStyle>
			<scale>0.6</scale>
		</LabelStyle>
	</Style>
	<Style id="sn_ylw-pushpin2">
		<IconStyle>
			<scale>1.1</scale>
			<Icon>
				<href>https://maps.google.com/mapfiles/kml/pushpin/ylw-pushpin.png</href>
			</Icon>
			<hotSpot x="20" y="2" xunits="pixels" yunits="pixels"/>
		</IconStyle>
		<LineStyle>
			<color>ff0880fd</color>
		</LineStyle>
		<PolyStyle>
			<color>ff0701fc</color>
			<fill>0</fill>
		</PolyStyle>
	</Style>
	<StyleMap id="m_ylw-pushpin7">
		<Pair>
			<key>normal</key>
			<styleUrl>#s_ylw-pushpin50</styleUrl>
		</Pair>
		<Pair>
			<key>highlight</key>
			<styleUrl>#s_ylw-pushpin_hl50</styleUrl>
		</Pair>
	</StyleMap>
	<Style id="s_ylw-pushpin_hl45">
		<IconStyle>
			<Icon>
			</Icon>
		</IconStyle>
		<LabelStyle>
			<scale>0.6</scale>
		</LabelStyle>
	</Style>
	<Style id="s_ylw-pushpin16">
		<IconStyle>
			<Icon>
			</Icon>
		</IconStyle>
		<LabelStyle>
			<scale>0.6</scale>
		</LabelStyle>
	</Style>
	<StyleMap id="m_ylw-pushpin9">
		<Pair>
			<key>normal</key>
			<styleUrl>#s_ylw-pushpin12</styleUrl>
		</Pair>
		<Pair>
			<key>highlight</key>
			<styleUrl>#s_ylw-pushpin_hl12</styleUrl>
		</Pair>
	</StyleMap>
	<Style id="s_ylw-pushpin40">
		<IconStyle>
			<scale>1.1</scale>
			<Icon>
				<href>https://maps.google.com/mapfiles/kml/pushpin/ylw-pushpin.png</href>
			</Icon>
			<hotSpot x="20" y="2" xunits="pixels" yunits="pixels"/>
		</IconStyle>
	</Style>
	<Style id="s_ylw-pushpin_hl59">
		<IconStyle>
			<Icon>
			</Icon>
		</IconStyle>
		<LabelStyle>
			<scale>0.6</scale>
		</LabelStyle>
	</Style>
	<Style id="s_ylw-pushpin_hl48">
		<IconStyle>
			<Icon>
			</Icon>
		</IconStyle>
		<LabelStyle>
			<scale>0.6</scale>
		</LabelStyle>
	</Style>
	<StyleMap id="m_ylw-pushpin32">
		<Pair>
			<key>normal</key>
			<styleUrl>#s_ylw-pushpin4</styleUrl>
		</Pair>
		<Pair>
			<key>highlight</key>
			<styleUrl>#s_ylw-pushpin_hl59</styleUrl>
		</Pair>
	</StyleMap>
	<StyleMap id="msn_ylw-pushpin6">
		<Pair>
			<key>normal</key>
			<styleUrl>#sn_ylw-pushpin2</styleUrl>
		</Pair>
		<Pair>
			<key>highlight</key>
			<styleUrl>#sh_ylw-pushpin1</styleUrl>
		</Pair>
	</StyleMap>
	<Style id="s_ylw-pushpin_hl32">
		<IconStyle>
			<Icon>
			</Icon>
		</IconStyle>
		<LabelStyle>
			<scale>0.6</scale>
		</LabelStyle>
	</Style>
	<Style id="s_ylw-pushpin_hl39">
		<IconStyle>
			<Icon>
			</Icon>
		</IconStyle>
		<LabelStyle>
			<scale>0.6</scale>
		</LabelStyle>
	</Style>
	<StyleMap id="m_ylw-pushpin50">
		<Pair>
			<key>normal</key>
			<styleUrl>#s_ylw-pushpin21</styleUrl>
		</Pair>
		<Pair>
			<key>highlight</key>
			<styleUrl>#s_ylw-pushpin_hl17</styleUrl>
		</Pair>
	</StyleMap>
	<Style id="s_ylw-pushpin_hl3">
		<IconStyle>
			<Icon>
			</Icon>
		</IconStyle>
		<LabelStyle>
			<scale>0.6</scale>
		</LabelStyle>
	</Style>
	<StyleMap id="m_ylw-pushpin18">
		<Pair>
			<key>normal</key>
			<styleUrl>#s_ylw-pushpin1</styleUrl>
		</Pair>
		<Pair>
			<key>highlight</key>
			<styleUrl>#s_ylw-pushpin_hl3</styleUrl>
		</Pair>
	</StyleMap>
	<StyleMap id="m_ylw-pushpin52">
		<Pair>
			<key>normal</key>
			<styleUrl>#s_ylw-pushpin18</styleUrl>
		</Pair>
		<Pair>
			<key>highlight</key>
			<styleUrl>#s_ylw-pushpin_hl8</styleUrl>
		</Pair>
	</StyleMap>
	<Style id="s_ylw-pushpin15">
		<IconStyle>
			<Icon>
			</Icon>
		</IconStyle>
		<LabelStyle>
			<scale>0.6</scale>
		</LabelStyle>
	</Style>
	<Style id="s_ylw-pushpin62">
		<IconStyle>
			<Icon>
			</Icon>
		</IconStyle>
		<LabelStyle>
			<scale>0.6</scale>
		</LabelStyle>
	</Style>
	<Style id="s_ylw-pushpin60">
		<IconStyle>
			<Icon>
			</Icon>
		</IconStyle>
		<LabelStyle>
			<scale>0.6</scale>
		</LabelStyle>
	</Style>
	<Style id="s_ylw-pushpin_hl020">
		<IconStyle>
			<scale>0.472727</scale>
			<Icon>
				<href>https://maps.google.com/mapfiles/kml/shapes/donut.png</href>
			</Icon>
		</IconStyle>
	</Style>
	<Style id="s_ylw-pushpin44">
		<IconStyle>
			<Icon>
			</Icon>
		</IconStyle>
		<LabelStyle>
			<scale>0.6</scale>
		</LabelStyle>
	</Style>
	<Style id="s_ylw-pushpin59">
		<IconStyle>
			<Icon>
			</Icon>
		</IconStyle>
		<LabelStyle>
			<scale>0.6</scale>
		</LabelStyle>
	</Style>
	<Style id="s_ylw-pushpin_hl50">
		<IconStyle>
			<Icon>
			</Icon>
		</IconStyle>
		<LabelStyle>
			<scale>0.6</scale>
		</LabelStyle>
	</Style>
	<Style id="sn_red-diamond">
		<IconStyle>
			<Icon>
			</Icon>
		</IconStyle>
		<LabelStyle>
			<scale>0.6</scale>
		</LabelStyle>
	</Style>
	<Style id="s_ylw-pushpin38">
		<IconStyle>
			<Icon>
			</Icon>
		</IconStyle>
		<LabelStyle>
			<scale>0.6</scale>
		</LabelStyle>
	</Style>
	<Style id="s_ylw-pushpin33">
		<IconStyle>
			<Icon>
			</Icon>
		</IconStyle>
		<LabelStyle>
			<scale>0.6</scale>
		</LabelStyle>
	</Style>
	<Style id="sn_ylw-pushpin0">
		<IconStyle>
			<scale>1.1</scale>
			<Icon>
				<href>https://maps.google.com/mapfiles/kml/pushpin/ylw-pushpin.png</href>
			</Icon>
			<hotSpot x="20" y="2" xunits="pixels" yunits="pixels"/>
		</IconStyle>
		<LineStyle>
			<color>ff0affff</color>
		</LineStyle>
		<PolyStyle>
			<color>ff0701fc</color>
			<fill>0</fill>
		</PolyStyle>
	</Style>
	<StyleMap id="m_ylw-pushpin57">
		<Pair>
			<key>normal</key>
			<styleUrl>#s_ylw-pushpin8</styleUrl>
		</Pair>
		<Pair>
			<key>highlight</key>
			<styleUrl>#s_ylw-pushpin_hl7</styleUrl>
		</Pair>
	</StyleMap>
	<Style id="s_ylw-pushpin31">
		<IconStyle>
			<Icon>
			</Icon>
		</IconStyle>
		<LabelStyle>
			<scale>0.6</scale>
		</LabelStyle>
	</Style>
	<Style id="s_ylw-pushpin_hl20">
		<IconStyle>
			<Icon>
			</Icon>
		</IconStyle>
		<LabelStyle>
			<scale>0.6</scale>
		</LabelStyle>
	</Style>
	<StyleMap id="m_ylw-pushpin19">
		<Pair>
			<key>normal</key>
			<styleUrl>#s_ylw-pushpin59</styleUrl>
		</Pair>
		<Pair>
			<key>highlight</key>
			<styleUrl>#s_ylw-pushpin_hl61</styleUrl>
		</Pair>
	</StyleMap>
	<Style id="sn_ylw-pushpin4">
		<IconStyle>
			<scale>1.1</scale>
			<Icon>
				<href>https://maps.google.com/mapfiles/kml/pushpin/ylw-pushpin.png</href>
			</Icon>
			<hotSpot x="20" y="2" xunits="pixels" yunits="pixels"/>
		</IconStyle>
		<LineStyle>
			<color>ff0701fc</color>
			<width>3</width>
		</LineStyle>
		<PolyStyle>
			<color>ff0701fc</color>
			<fill>0</fill>
		</PolyStyle>
	</Style>
	<Style id="s_ylw-pushpin4">
		<IconStyle>
			<Icon>
			</Icon>
		</IconStyle>
		<LabelStyle>
			<scale>0.6</scale>
		</LabelStyle>
	</Style>
	<Style id="s_ylw-pushpin61">
		<IconStyle>
			<Icon>
			</Icon>
		</IconStyle>
		<LabelStyle>
			<scale>0.6</scale>
		</LabelStyle>
	</Style>
	<Style id="s_ylw-pushpin3">
		<IconStyle>
			<Icon>
			</Icon>
		</IconStyle>
		<LabelStyle>
			<scale>0.6</scale>
		</LabelStyle>
	</Style>
	<StyleMap id="m_ylw-pushpin48">
		<Pair>
			<key>normal</key>
			<styleUrl>#s_ylw-pushpin27</styleUrl>
		</Pair>
		<Pair>
			<key>highlight</key>
			<styleUrl>#s_ylw-pushpin_hl29</styleUrl>
		</Pair>
	</StyleMap>
	<Style id="s_ylw-pushpin8">
		<IconStyle>
			<Icon>
			</Icon>
		</IconStyle>
		<LabelStyle>
			<scale>0.6</scale>
		</LabelStyle>
	</Style>
	<Style id="s_ylw-pushpin53">
		<IconStyle>
			<Icon>
			</Icon>
		</IconStyle>
		<LabelStyle>
			<scale>0.6</scale>
		</LabelStyle>
	</Style>
	<StyleMap id="m_ylw-pushpin42">
		<Pair>
			<key>normal</key>
			<styleUrl>#s_ylw-pushpin3</styleUrl>
		</Pair>
		<Pair>
			<key>highlight</key>
			<styleUrl>#s_ylw-pushpin_hl</styleUrl>
		</Pair>
	</StyleMap>
	<StyleMap id="msn_ylw-pushpin3">
		<Pair>
			<key>normal</key>
			<styleUrl>#sn_ylw-pushpin3</styleUrl>
		</Pair>
		<Pair>
			<key>highlight</key>
			<styleUrl>#sh_ylw-pushpin40</styleUrl>
		</Pair>
	</StyleMap>
	<Style id="s_ylw-pushpin21">
		<IconStyle>
			<Icon>
			</Icon>
		</IconStyle>
		<LabelStyle>
			<scale>0.6</scale>
		</LabelStyle>
	</Style>
	<Style id="s_ylw-pushpin_hl49">
		<IconStyle>
			<Icon>
			</Icon>
		</IconStyle>
		<LabelStyle>
			<scale>0.6</scale>
		</LabelStyle>
	</Style>
	<StyleMap id="msn_ylw-pushpin5">
		<Pair>
			<key>normal</key>
			<styleUrl>#sn_ylw-pushpin01</styleUrl>
		</Pair>
		<Pair>
			<key>highlight</key>
			<styleUrl>#sh_ylw-pushpin4</styleUrl>
		</Pair>
	</StyleMap>
	<Style id="s_ylw-pushpin25">
		<IconStyle>
			<Icon>
			</Icon>
		</IconStyle>
		<LabelStyle>
			<scale>0.6</scale>
		</LabelStyle>
	</Style>
	<StyleMap id="msn_ylw-pushpin2">
		<Pair>
			<key>normal</key>
			<styleUrl>#sn_ylw-pushpin4</styleUrl>
		</Pair>
		<Pair>
			<key>highlight</key>
			<styleUrl>#sh_ylw-pushpin3</styleUrl>
		</Pair>
	</StyleMap>
	<Style id="s_ylw-pushpin1">
		<IconStyle>
			<Icon>
			</Icon>
		</IconStyle>
		<LabelStyle>
			<scale>0.6</scale>
		</LabelStyle>
	</Style>
	<Style id="s_ylw-pushpin9">
		<IconStyle>
			<Icon>
			</Icon>
		</IconStyle>
		<LabelStyle>
			<scale>0.6</scale>
		</LabelStyle>
	</Style>
	<StyleMap id="m_ylw-pushpin10">
		<Pair>
			<key>normal</key>
			<styleUrl>#s_ylw-pushpin29</styleUrl>
		</Pair>
		<Pair>
			<key>highlight</key>
			<styleUrl>#s_ylw-pushpin_hl26</styleUrl>
		</Pair>
	</StyleMap>
	<Style id="s_ylw-pushpin37">
		<IconStyle>
			<Icon>
			</Icon>
		</IconStyle>
		<LabelStyle>
			<scale>0.6</scale>
		</LabelStyle>
	</Style>
	<StyleMap id="m_ylw-pushpin20">
		<Pair>
			<key>normal</key>
			<styleUrl>#s_ylw-pushpin26</styleUrl>
		</Pair>
		<Pair>
			<key>highlight</key>
			<styleUrl>#s_ylw-pushpin_hl25</styleUrl>
		</Pair>
	</StyleMap>
	<Style id="s_ylw-pushpin48">
		<IconStyle>
			<Icon>
			</Icon>
		</IconStyle>
		<LabelStyle>
			<scale>0.6</scale>
		</LabelStyle>
	</Style>
	<Style id="sh_red-diamond1">
		<IconStyle>
			<Icon>
			</Icon>
		</IconStyle>
		<LabelStyle>
			<scale>0.6</scale>
		</LabelStyle>
	</Style>
	<Style id="s_ylw-pushpin45">
		<IconStyle>
			<Icon>
			</Icon>
		</IconStyle>
		<LabelStyle>
			<scale>0.6</scale>
		</LabelStyle>
	</Style>
	<StyleMap id="m_ylw-pushpin36">
		<Pair>
			<key>normal</key>
			<styleUrl>#s_ylw-pushpin48</styleUrl>
		</Pair>
		<Pair>
			<key>highlight</key>
			<styleUrl>#s_ylw-pushpin_hl43</styleUrl>
		</Pair>
	</StyleMap>
	<Style id="s_ylw-pushpin29">
		<IconStyle>
			<Icon>
			</Icon>
		</IconStyle>
		<LabelStyle>
			<scale>0.6</scale>
		</LabelStyle>
	</Style>
	<Style id="s_ylw-pushpin01">
		<IconStyle>
			<scale>0.4</scale>
			<Icon>
				<href>https://maps.google.com/mapfiles/kml/shapes/donut.png</href>
			</Icon>
		</IconStyle>
	</Style>
	<Style id="s_ylw-pushpin_hl13">
		<IconStyle>
			<Icon>
			</Icon>
		</IconStyle>
		<LabelStyle>
			<scale>0.6</scale>
		</LabelStyle>
	</Style>
	<Style id="sn_ylw-pushpin3">
		<IconStyle>
			<scale>1.1</scale>
			<Icon>
				<href>https://maps.google.com/mapfiles/kml/pushpin/ylw-pushpin.png</href>
			</Icon>
			<hotSpot x="20" y="2" xunits="pixels" yunits="pixels"/>
		</IconStyle>
	</Style>
	<Style id="s_ylw-pushpin_hl30">
		<IconStyle>
			<Icon>
			</Icon>
		</IconStyle>
		<LabelStyle>
			<scale>0.6</scale>
		</LabelStyle>
	</Style>
	<StyleMap id="m_ylw-pushpin22">
		<Pair>
			<key>normal</key>
			<styleUrl>#s_ylw-pushpin38</styleUrl>
		</Pair>
		<Pair>
			<key>highlight</key>
			<styleUrl>#s_ylw-pushpin_hl45</styleUrl>
		</Pair>
	</StyleMap>
	<StyleMap id="m_ylw-pushpin39">
		<Pair>
			<key>normal</key>
			<styleUrl>#s_ylw-pushpin16</styleUrl>
		</Pair>
		<Pair>
			<key>highlight</key>
			<styleUrl>#s_ylw-pushpin_hl11</styleUrl>
		</Pair>
	</StyleMap>
	<Style id="s_ylw-pushpin12">
		<IconStyle>
			<Icon>
			</Icon>
		</IconStyle>
		<LabelStyle>
			<scale>0.8</scale>
		</LabelStyle>
	</Style>
	<Style id="s_ylw-pushpin_hl">
		<IconStyle>
			<Icon>
			</Icon>
		</IconStyle>
		<LabelStyle>
			<scale>0.6</scale>
		</LabelStyle>
	</Style>
	<StyleMap id="m_ylw-pushpin45">
		<Pair>
			<key>normal</key>
			<styleUrl>#s_ylw-pushpin25</styleUrl>
		</Pair>
		<Pair>
			<key>highlight</key>
			<styleUrl>#s_ylw-pushpin_hl31</styleUrl>
		</Pair>
	</StyleMap>
	<Style id="sn_ylw-pushpin01">
		<IconStyle>
			<scale>1.1</scale>
			<Icon>
				<href>https://maps.google.com/mapfiles/kml/pushpin/ylw-pushpin.png</href>
			</Icon>
			<hotSpot x="20" y="2" xunits="pixels" yunits="pixels"/>
		</IconStyle>
		<LineStyle>
			<color>ff20ff6e</color>
		</LineStyle>
	</Style>
	<StyleMap id="m_ylw-pushpin40">
		<Pair>
			<key>normal</key>
			<styleUrl>#s_ylw-pushpin6</styleUrl>
		</Pair>
		<Pair>
			<key>highlight</key>
			<styleUrl>#s_ylw-pushpin_hl19</styleUrl>
		</Pair>
	</StyleMap>
	<Style id="sh_ylw-pushpin3">
		<IconStyle>
			<scale>1.3</scale>
			<Icon>
				<href>https://maps.google.com/mapfiles/kml/pushpin/ylw-pushpin.png</href>
			</Icon>
			<hotSpot x="20" y="2" xunits="pixels" yunits="pixels"/>
		</IconStyle>
		<LineStyle>
			<color>ff0701fc</color>
			<width>3</width>
		</LineStyle>
		<PolyStyle>
			<color>ff0701fc</color>
			<fill>0</fill>
		</PolyStyle>
	</Style>
	<Folder id="0738B1EB143EC0159379">
		<name>Truleigh Manor Farm Field Maps</name>
		<open>1</open>
		<Style>
			<ListStyle>
				<listItemType>check</listItemType>
				<bgColor>00ffffff</bgColor>
				<maxSnippetLines>2</maxSnippetLines>
			</ListStyle>
		</Style>
		<Placemark id="1B7D410BB83EC0159379">
			<name>Farm Boundary</name>
			<styleUrl>#msn_ylw-pushpin2</styleUrl>
			<Polygon>
				<tessellate>1</tessellate>
				<outerBoundaryIs>
					<LinearRing>
						<coordinates>
							-0.2595008314485314,50.89870951917233,0 -0.2596361738449815,50.89828471455818,0 -0.2601800961709011,50.89765146604776,0 -0.260444551488116,50.89736505617145,0 -0.2605787565960127,50.89723179049106,0 -0.2608312080917108,50.89706924411027,0 -0.2611567008724691,50.89692241076796,0 -0.2617051837719575,50.89668617825163,0 -0.2620450880302272,50.89651822360405,0 -0.2623219042039704,50.89634608257846,0 -0.2626058187372338,50.89609262106964,0 -0.2629781944964715,50.89563532844855,0 -0.2631752034809776,50.89523905886237,0 -0.2633692303739399,50.89469748821862,0 -0.2634835735226593,50.89430794333364,0 -0.263533669980891,50.89407994948149,0 -0.2636360233829649,50.89383725084897,0 -0.2637590253559818,50.89344600597355,0 -0.2640342746871993,50.89279946491622,0 -0.2641079831741833,50.89258282092118,0 -0.2641397520585664,50.89202738793756,0 -0.2642579009067014,50.89089224695552,0 -0.2643188581166411,50.8900392605272,0 -0.2644847553154095,50.88996231220352,0 -0.2647242588693588,50.88882776694381,0 -0.2648775380474788,50.88818911811801,0 -0.2651371529622248,50.88749112754604,0 -0.265282020997083,50.88644758130673,0 -0.2653412675203404,50.88520922539182,0 -0.2645559904300265,50.88508186871675,0 -0.2640607951418417,50.88496211043373,0 -0.2638291642739754,50.88484102091561,0 -0.2633633813353065,50.88449271014019,0 -0.2629896695249889,50.88420125614107,0 -0.2624183158323712,50.88409521744882,0 -0.2624013006967107,50.88409528256138,0 -0.262380548207034,50.88409139502295,0 -0.2623567898645307,50.8840887109045,0 -0.2623398135970889,50.88408871494365,0 -0.2623157533563991,50.88408566159094,0 -0.2622952384811006,50.88408176646274,0 -0.2622756961002271,50.88407868341411,0 -0.2622514256200115,50.8840706148771,0 -0.2622262218227023,50.88406624701131,0 -0.262190301787556,50.88405925727789,0 -0.2621837006335026,50.88406117245234,0 -0.2621555190350278,50.88405780919479,0 -0.2621349863995459,50.8840581393372,0 -0.2621208499339578,50.88405634179518,0 -0.2620988433990534,50.88405046194746,0 -0.2620814266048366,50.88404953745449,0 -0.262060110667881,50.88404416887492,0 -0.2620428033609834,50.88404325501809,0 -0.2620183314044522,50.88403880075004,0 -0.2620044730378179,50.88403702017858,0 -0.2619839796512102,50.88403699718556,0 -0.2619535103520065,50.88403473024935,0 -0.261943457948367,50.88403243109218,0 -0.2619194799580438,50.88403297570853,0 -0.2619060052259137,50.88403139244004,0 -0.2618791469438553,50.88402823651844,0 -0.2618583258222584,50.88402260415097,0 -0.2618407711774207,50.88402093235419,0 -0.2618196913303428,50.88401984130926,0 -0.2618021834709405,50.88401811094819,0 -0.2617811496465283,50.88401694518537,0 -0.2617673153965228,50.88401465334407,0 -0.2617467879306357,50.88401392808501,0 -0.2617264844421652,50.88401339673878,0 -0.261709668925556,50.88401217382483,0 -0.2616890380708814,50.88401633094133,0 -0.2616757230850875,50.88401441375945,0 -0.2616585441305885,50.88401787450912,0 -0.2616384184910736,50.8840173401544,0 -0.2616247434109853,50.88402017606026,0 -0.2616083034791294,50.88401918001431,0 -0.261584822119233,50.88401929297981,0 -0.2615710548381278,50.88402198283644,0 -0.2615545212697235,50.88402074898225,0 -0.2615339989719223,50.88402491952823,0 -0.2615179642299981,50.88402423706915,0 -0.2615044443233139,50.88402721450634,0 -0.2614850143264125,50.88402719860401,0 -0.2614714797469353,50.88403015298363,0 -0.2614545527665779,50.8840338479776,0 -0.2614374773864381,50.88403735779487,0 -0.2614196515188461,50.88403985398903,0 -0.2614018361008053,50.88404234881401,0 -0.2613875908698304,50.88404434361988,0 -0.2613697935899606,50.88404683580427,0 -0.2613496644198798,50.88404557420836,0 -0.2613354608460028,50.88404756408693,0 -0.2613212632863049,50.88404955309037,0 -0.2613070724120892,50.88405154121856,0 -0.2612928879649024,50.88405352843674,0 -0.2612749479873488,50.88405567864369,0 -0.2612627896540787,50.88406109116526,0 -0.2612449979981701,50.88406346250313,0 -0.261227449613185,50.88406619724021,0 -0.2612134561945711,50.88406845001315,0 -0.261199465529075,50.88407070234678,0 -0.2611854775959932,50.88407295423255,0 -0.2611712098054242,50.88407473719082,0 -0.2611533046970482,50.88407682408807,0 -0.2611317027954407,50.88407908949161,0 -0.2611171145628788,50.88408024619208,0 -0.2611025437087156,50.8840814010799,0 -0.2610848279658728,50.88408368490551,0 -0.2610726108313388,50.88408923529084,0 -0.2609485289223312,50.88411291296041,0 -0.2605270163158024,50.88425283161254,0 -0.2600507124911711,50.88437755186273,0 -0.2595720253010647,50.88451998640419,0 -0.2589890552089646,50.88465453878031,0 -0.2582040192139345,50.88478681025187,0 -0.2578196982183067,50.8848059870751,0 -0.257423034276314,50.88477122772182,0 -0.255943376459502,50.88528545584163,0 -0.2562003725490714,50.88662414556232,0 -0.2563994037457751,50.88667768645908,0 -0.2565228949292142,50.88678177288152,0 -0.2565662330804619,50.88694832664006,0 -0.2567913864525884,50.88774549644785,0 -0.25676284847163,50.88776417807389,0 -0.2567266517767686,50.88776868740769,0 -0.2566906220521548,50.88777350775792,0 -0.2566536745183623,50.88777114304462,0 -0.256617484241517,50.88776982710137,0 -0.2565812948827473,50.88776856357504,0 -0.2565461791824497,50.88777496587948,0 -0.2565100082666272,50.88777388585941,0 -0.2564657337004539,50.88778014452439,0 -0.2564301717586825,50.88778013134916,0 -0.2563862624555191,50.88778730222394,0 -0.2563600876419825,50.88779449871589,0 -0.2563242847255809,50.88779449854629,0 -0.2562801060081765,50.88780187928193,0 -0.2562444742841852,50.88780242654715,0 -0.2562182223623488,50.88781007969343,0 -0.2561824351886344,50.88781063714447,0 -0.2561470470720573,50.88781846323077,0 -0.2561019437686252,50.88781892972992,0 -0.2560660777857515,50.88782639255054,0 -0.2560210147681441,50.88783398152317,0 -0.2559846201501648,50.88783434934691,0 -0.2559481274923292,50.88784138074589,0 -0.2559105725798694,50.88783993580463,0 -0.2558730875444837,50.88784548880243,0 -0.2558258717646877,50.88785026123634,0 -0.2557878496382704,50.88785514519316,0 -0.2557495084332195,50.88785257850407,0 -0.2557110187079925,50.88785675486432,0 -0.2556724703716096,50.88786093751388,0 -0.2556333373472786,50.88787114518922,0 -0.2555947304900974,50.88787549935696,0 -0.2555550031143083,50.88787748725412,0 -0.2555265735177614,50.88789123950625,0 -0.2554884420802839,50.88790458450668,0 -0.2554492402075259,50.88790825983129,0 -0.2554094250864858,50.88791809066862,0 -0.255359319753713,50.88793363317959,0 -0.2553293352041397,50.88794488934678,0 -0.2552889390690427,50.88796172950627,0 -0.255258492239705,50.88798009839833,0 -0.2552168384988684,50.88799414764155,0 -0.2551871946483042,50.88801549808591,0 -0.2551476762851224,50.88803661932463,0 -0.2551080072290424,50.888058002922,0 -0.255067728259023,50.88806960020447,0 -0.2550264395451551,50.88808689503426,0 -0.2549762557263346,50.88809871176451,0 -0.2549462779246536,50.88810478176658,0 -0.2549062560166759,50.88811914308335,0 -0.2548660748113929,50.88813356075615,0 -0.254825763972456,50.88813859719898,0 -0.2547752097146361,50.88815199621943,0 -0.25473466553811,50.88815685837672,0 -0.2546836908884487,50.88815948446699,0 -0.2546326652200981,50.88816210089329,0 -0.2545816192644756,50.88816491733233,0 -0.2545307232814276,50.88816896165716,0 -0.2545004435036924,50.88816612629336,0 -0.2544595161906738,50.88817100069096,0 -0.2544084083860254,50.8881749303539,0 -0.2543477573069064,50.88816921040382,0 -0.2542871121982815,50.88816349155854,0 -0.2542365798831792,50.88815872552999,0 -0.2541953600727542,50.88816360148917,0 -0.2541346519355969,50.88815754358513,0 -0.2540932253501849,50.88816109975319,0 -0.2540425799999213,50.88815531499337,0 -0.254002199738117,50.88815315044276,0 -0.2539415705878267,50.88814989979742,0 -0.2538909987438243,50.88814718841063,0 -0.2538515948995668,50.88813436361452,0 -0.2538223776163639,50.88812331808218,0 -0.2537729780501763,50.88811337305017,0 -0.2537337350283742,50.88810222777099,0 -0.2536958102929221,50.88808146343382,0 -0.2536694832647146,50.88804926371646,0 -0.2536545149649649,50.88801241280377,0 -0.2536396212800895,50.88797670065338,0 -0.253613552595009,50.88794965882671,0 -0.2535876417288563,50.88792218907146,0 -0.253561906362888,50.88789420666355,0 -0.2535123524016436,50.88789061950694,0 -0.2534725604493104,50.88788921309566,0 -0.2534393660488321,50.88790932455629,0 -0.2533966821935119,50.8879220375831,0 -0.2533621448875267,50.88794550750902,0 -0.253319519086338,50.88795525038044,0 -0.2532749140976653,50.88797570455863,0 -0.2532309735739657,50.88799024836757,0 -0.2531970731017064,50.88800522266758,0 -0.2531714391973272,50.88802979427337,0 -0.2531553587339663,50.88805798432544,0 -0.2531584572844026,50.88809398689471,0 -0.2531615933775277,50.88813015636338,0 -0.2531745224574544,50.88817023527572,0 -0.2531731776276769,50.88828295586627,0 -0.2531759952406099,50.88831801866598,0 -0.2531625527338821,50.88833243710847,0 -0.2531424098005408,50.88834567170851,0 -0.2531229004631053,50.88835560440959,0 -0.253103816941892,50.88836627520088,0 -0.2530778749487583,50.88837550637547,0 -0.2530518599083664,50.88838472908665,0 -0.2530256713623347,50.88838926734731,0 -0.2530061113266635,50.88839509029137,0 -0.2529794139394126,50.88839881149723,0 -0.2529527606174531,50.88840252560343,0 -0.2529262086374784,50.88840644688922,0 -0.2528997780410869,50.88841058648706,0 -0.252873138044688,50.88841428907995,0 -0.2528407966213686,50.88841846700706,0 -0.2528152726194965,50.88841967088576,0 -0.2527897414575919,50.88842087344618,0 -0.2527514036888223,50.88842506247837,0 -0.2527196564173106,50.88843085681177,0 -0.2526878789235842,50.88843161545074,0 -0.2526625715067221,50.88843360408463,0 -0.2526308221887674,50.88843989908682,0 -0.2526052728739636,50.88844689691953,0 -0.2525734257619361,50.88844789005888,0 -0.2525348633327562,50.88845843389078,0 -0.2525030432150255,50.88845992022826,0 -0.252465133275418,50.88846173596693,0 -0.2524395485802955,50.8884639804417,0 -0.2524012284195309,50.888464556821,0 -0.2523628361759167,50.88846494120067,0 -0.2523371207193026,50.88846707306348,0 -0.2522991246062467,50.8884623143227,0 -0.2522607435598956,50.88846304172495,0 -0.2522354702227525,50.88846001746501,0 -0.2521850163915995,50.88845426661862,0 -0.2521535515093898,50.88845110575402,0 -0.252115839249355,50.88844784991212,0 -0.2520844091613827,50.88844519235327,0 -0.2520592237135655,50.88844170613605,0 -0.2520277988830277,50.88843824325722,0 -0.2519901168505234,50.88843418930848,0 -0.2519658100308964,50.88842640731318,0 -0.2519282062394257,50.88842250006308,0 -0.2519031486848544,50.88841990028595,0 -0.2518718001328002,50.88841712473481,0 -0.2518475890062266,50.88841037595272,0 -0.2518099477143332,50.88840742246764,0 -0.2517597277420824,50.88840348147345,0 -0.2517471669416627,50.88840249599223,0 -0.2517157551512939,50.88840003158659,0 -0.2516790280650116,50.88839259828908,0 -0.251641195041018,50.88839021395995,0 -0.251597003219256,50.88838739520849,0 -0.2515653343070434,50.888385643751,0 -0.2515271755116999,50.8883838751754,0 -0.251501694371522,50.88838269432842,0 -0.2514700780592938,50.88838034127297,0 -0.2514384968580197,50.88837783269264,0 -0.2514118959445677,50.88838071870412,0 -0.2513722197830714,50.88838351352811,0 -0.2513451553373469,50.88838720090823,0 -0.2513002163355871,50.88838479900841,0 -0.2512667513672007,50.88838764260267,0 -0.2512410286988154,50.88838615517156,0 -0.2512075151567539,50.88838879631488,0 -0.2511804372133264,50.88839169809775,0 -0.2511470589302389,50.88839378157342,0 -0.2511202133971724,50.88839600650241,0 -0.2510933924074432,50.88839812093413,0 -0.2510663624259701,50.88840054630958,0 -0.2510392145607843,50.88840310638801,0 -0.251010571391328,50.88841017516119,0 -0.2509832968482439,50.88841276490301,0 -0.25094770850703,50.88841986947037,0 -0.2509183644667023,50.88842766721675,0 -0.2508971034084784,50.88843117375141,0 -0.250869239843613,50.88843428272043,0 -0.2508415284780008,50.88843708402801,0 -0.2508136486346568,50.8884400415399,0 -0.2507871784934279,50.88843863827259,0 -0.2507556172057746,50.88845118430832,0 -0.2507358183372299,50.88846874388025,0 -0.2507226019313002,50.88848673955021,0 -0.25071601948783,50.88850518865695,0 -0.2506658647898452,50.8886051568699,0 -0.2508229724589994,50.88880620317133,0 -0.2509621978048016,50.88904586387087,0 -0.2511317909020971,50.88920455718679,0 -0.2511198378810542,50.88958796573889,0 -0.2501152938033635,50.88938848570773,0 -0.25011545014897,50.88940802000334,0 -0.25011682911662,50.88942381700046,0 -0.250110710162057,50.88944277438615,0 -0.2501041118266489,50.88946211223912,0 -0.250098781222261,50.88947764833325,0 -0.2500983842079796,50.88949780951446,0 -0.2500993246201277,50.88951412292423,0 -0.2501037732611533,50.88953910430618,0 -0.2501031949460975,50.88955960640794,0 -0.2500962611553259,50.88957949996915,0 -0.2500906974653672,50.88959546215705,0 -0.2500928648297751,50.88960815426881,0 -0.2500909515259697,50.88963285119279,0 -0.2500868063524753,50.8896448807131,0 -0.2500862502994816,50.88966569917914,0 -0.2500856579117727,50.88968662222877,0 -0.250087772747819,50.88969955989747,0 -0.2500818998363918,50.88971605229931,0 -0.2500809263564552,50.88973746588299,0 -0.250073461141469,50.88975829331631,0 -0.2500613639382199,50.88979186133012,0 -0.250056574114722,50.88980472647458,0 -0.2500486375609978,50.88982612438365,0 -0.2500424319535999,50.88984317735945,0 -0.2500310271613193,50.88987361055027,0 -0.250029230146942,50.88989630754576,0 -0.2500225980218929,50.88991391864913,0 -0.2500224384147154,50.88993237610537,0 -0.249963119595269,50.89009445774697,0 -0.2497918317771597,50.89057594784391,0 -0.2486441120841953,50.89052431162659,0 -0.2465901827933992,50.89040287120577,0 -0.2465684593297512,50.89067012784189,0 -0.2464897435290736,50.89105575444851,0 -0.2464302774769511,50.89163331432508,0 -0.2464906035240588,50.89219240577881,0 -0.2473353508755782,50.89225226685357,0 -0.248093036497592,50.8922788676005,0 -0.2492845833012469,50.89234921677371,0 -0.2492201859919818,50.89251550103766,0 -0.2513373725593149,50.89242656926111,0 -0.2513502120515043,50.89245363859407,0 -0.2513225455655121,50.89250024938536,0 -0.2510458248510195,50.89278922713973,0 -0.2510891564247186,50.8928178484738,0 -0.2513006509509208,50.89258420023401,0 -0.2513458725003559,50.89255979087783,0 -0.2513840358457997,50.89255263512074,0 -0.2514854588161619,50.89255454341132,0 -0.2515709648826892,50.89254524854454,0 -0.2519097831563366,50.89258123032521,0 -0.2518992198170034,50.89261308374689,0 -0.2518870373649162,50.89271189504212,0 -0.251868128131677,50.89286043229343,0 -0.2518659500321863,50.89319943067575,0 -0.2518465850837615,50.89319540481051,0 -0.2511309466914458,50.89283325445247,0 -0.2510767411084935,50.89282911542984,0 -0.2510394769937196,50.89286088020123,0 -0.2513830328429989,50.89302900008497,0 -0.2516746803868641,50.89318703713346,0 -0.2516815798247651,50.89319337968555,0 -0.2516909951421209,50.8931989713675,0 -0.2516981255502249,50.89320277101168,0 -0.2517077958318303,50.89320677150499,0 -0.2517174768459607,50.8932107764621,0 -0.2517273847891865,50.89321317262883,0 -0.2517370835479826,50.89321718404846,0 -0.2517442800748471,50.89322104588042,0 -0.2517513097492596,50.89322659451025,0 -0.2517583565910098,50.8932321565422,0 -0.2517626558186237,50.89323912705773,0 -0.2517669689852875,50.89324612006571,0 -0.2517687262392199,50.89325290171907,0 -0.2517704892405848,50.89325970554693,0 -0.2517722579692583,50.89326653162757,0 -0.2517740324813555,50.89327337984496,0 -0.2517316153147764,50.89361952561166,0 -0.2517053586202578,50.8937895005038,0 -0.2514907320419579,50.89381827848078,0 -0.2509154096051369,50.89388717327557,0 -0.2508869066738018,50.89383375560007,0 -0.2505439405061261,50.8939149220443,0 -0.2503334033553528,50.89403706317295,0 -0.25006723659592,50.89408371348352,0 -0.2499543028574991,50.89409686844638,0 -0.2495821003989851,50.8941265051328,0 -0.2495802789388024,50.8941317349315,0 -0.2495807489883317,50.8941426546129,0 -0.2495811974890882,50.89415363132289,0 -0.2495857862478112,50.8941650818948,0 -0.2495905524906217,50.89417642527788,0 -0.2495911759091185,50.89418736904071,0 -0.2496009679393651,50.89419661735557,0 -0.2496107121602853,50.89420596017162,0 -0.2496246498590604,50.89421576827477,0 -0.249634679992834,50.89422493856991,0 -0.2496490501562232,50.89423443769606,0 -0.2496591599819098,50.8942436178341,0 -0.2496692753466956,50.89425283627524,0 -0.2496793461941615,50.89426215085079,0 -0.2496851512174736,50.89427113461523,0 -0.2496985675790653,50.89428370544856,0 -0.2497146579032383,50.89428811095,0 -0.249725647578678,50.89429483878554,0 -0.2497400428696672,50.89430474290752,0 -0.2497544754181436,50.89431467308982,0 -0.2497655399029819,50.89432144832527,0 -0.2497843079646667,50.89433184516249,0 -0.2497954660369428,50.89433858241747,0 -0.2498109255185577,50.89434576023174,0 -0.2498264058981459,50.8943529601756,0 -0.249841903008251,50.89436018420296,0 -0.2498574271074072,50.89436742105253,0 -0.2498729797653887,50.89437467070638,0 -0.2498877370660002,50.89438474671713,0 -0.2499017551191884,50.89439760861029,0 -0.2499131077165306,50.89440446039988,0 -0.2499244796299516,50.89441132365519,0 -0.2499402054129074,50.89441860883099,0 -0.249951600395325,50.89442552882566,0 -0.2499673350655118,50.8944329112411,0 -0.2499874399420254,50.89444072374983,0 -0.2499996706902397,50.89444485878536,0 -0.2500162704261455,50.89444939277743,0 -0.250032142532115,50.89445674663948,0 -0.2500480388834803,50.89446411492727,0 -0.2500631986993829,50.89447439479155,0 -0.2500783976647492,50.89448470128303,0 -0.2500885040094103,50.8944975400421,0 -0.2500950097777743,50.89450709664368,0 -0.2501007776246345,50.89451961945468,0 -0.2501065638556388,50.89453218714112,0 -0.2501123684997741,50.89454480424849,0 -0.2501137773310758,50.89455705346525,0 -0.2501151910764965,50.89456934503485,0 -0.2501166097297713,50.89458167969035,0 -0.2501224685956238,50.89459447996128,0 -0.2501283480598993,50.89460732527899,0 -0.2501334979869041,50.89462324010113,0 -0.2501438895855057,50.89463658866104,0 -0.2501498496001475,50.89464955378616,0 -0.250165557784271,50.89466025353929,0 -0.2501768009631189,50.89467063487561,0 -0.2501925586955378,50.89468148194945,0 -0.2502090454736305,50.89468941518066,0 -0.2502255646626872,50.89469736436278,0 -0.2502376292893149,50.89470483877313,0 -0.2502587611808016,50.89471303887652,0 -0.2502709011762105,50.89472043838362,0 -0.2502875637883806,50.89472833981252,0 -0.2503035633640249,50.89473941692063,0 -0.2503196339134162,50.89475037543442,0 -0.2503357461599232,50.89476136244156,0 -0.250348052703977,50.89476865699394,0 -0.2503597138237368,50.89477910863049,0 -0.2503766317636158,50.89478667015628,0 -0.2503929150742756,50.89479746048504,0 -0.2504359060421413,50.89483097663031,0 -0.2504457016516248,50.89483891868701,0 -0.2504478941465604,50.89485349625932,0 -0.2504509939593269,50.89486457204295,0 -0.2504464593070632,50.89488234131187,0 -0.2504468383279079,50.8949042000021,0 -0.2504422768139114,50.89492211956836,0 -0.2504376974184885,50.89494010852446,0 -0.2504340204046052,50.8949545541007,0 -0.2504294050332401,50.8949726785582,0 -0.2504247947997051,50.89499081489881,0 -0.2504152050936659,50.895004903601,0 -0.2504174086439181,50.89501992209606,0 -0.2504109570638779,50.89504543400738,0 -0.2504122410149334,50.89506424653273,0 -0.2504144589564139,50.89507944093074,0 -0.2504098059410009,50.89509789895946,0 -0.2504041656356581,50.89512022555022,0 -0.2503994131105247,50.89513898416144,0 -0.2503946418861291,50.89515781748531,0 -0.2503898385296865,50.89517675616294,0 -0.250380943365951,50.89518767365742,0 -0.250370048396974,50.89520632421468,0 -0.2503651064430179,50.89522561809309,0 -0.2503541166034895,50.89524448411916,0 -0.2503500640792533,50.89526017374656,0 -0.2503449808841485,50.89527986704285,0 -0.2503410610205647,50.89529528393812,0 -0.2503310879130649,50.89531015181385,0 -0.2503271467528567,50.89532563512715,0 -0.2503222209382305,50.89534501648859,0 -0.2503172811285392,50.89536445582539,0 -0.2503194044900059,50.89538064036581,0 -0.2503154393380491,50.89539628876775,0 -0.2503175629686005,50.89541258501807,0 -0.2503196329499568,50.89542908262853,0 -0.2503278452452706,50.89544621010284,0 -0.2503299758293298,50.89546272294264,0 -0.2503382586090019,50.89547988691119,0 -0.2503465682091599,50.8954971059097,0 -0.2503487386088898,50.8955137789917,0 -0.2503570916977005,50.89553110754457,0 -0.2503654275908862,50.89554862411431,0 -0.2503727475337481,50.89557042223538,0 -0.2503759089555224,50.89558343947432,0 -0.2503780735336592,50.89560061556844,0 -0.2503802534229582,50.89561782765106,0 -0.2503824702255097,50.8956350012346,0 -0.2503836710000895,50.89565645159507,0 -0.2503921375728624,50.89567446546078,0 -0.2503881022787635,50.89569124485177,0 -0.2503903291655885,50.89570873089313,0 -0.2503925637902538,50.89572627686027,0 -0.2503948060511207,50.89574388307508,0 -0.2503907476204992,50.89576089388496,0 -0.2503856552785111,50.89578223750225,0 -0.2503805415416271,50.89580367119272,0 -0.2503389999396088,50.89589280811476,0 -0.2500372909008064,50.89641777283359,0 -0.2500347741452025,50.89663495144567,0 -0.2498322468726,50.89728824264641,0 -0.2497354859821799,50.89758053889245,0 -0.2495789846188012,50.89764154193988,0 -0.2494926393195906,50.89778325916762,0 -0.2487644633868791,50.89849587972648,0 -0.248752500758741,50.89850694938908,0 -0.2487444401288974,50.89851857778459,0 -0.248728290922855,50.89852945444648,0 -0.2487201412341911,50.89854119127824,0 -0.2487038857221446,50.89855215929001,0 -0.2486956601041779,50.89856398374312,0 -0.248683352371295,50.89857544155102,0 -0.2486750593837683,50.89858735100996,0 -0.2486626721112606,50.89859888809988,0 -0.2486502359315446,50.89861047449677,0 -0.2486377546751062,50.89862210279978,0 -0.2486292987469785,50.89863421197103,0 -0.2486207836954146,50.89864641057472,0 -0.2486081175524701,50.89865826305234,0 -0.2485994995444629,50.89867059916218,0 -0.2485867478631321,50.89868254193636,0 -0.2485739454993929,50.8986945297009,0 -0.2485652066457222,50.89870700636116,0 -0.2485564950514763,50.89871944941164,0 -0.2485488599781527,50.89872877079285,0 -0.2485388099871733,50.89874471940247,0 -0.2485299156101184,50.89875742853221,0 -0.2485251838943292,50.89877057447606,0 -0.2485164568076459,50.89878304309501,0 -0.2485073864054166,50.89879602297441,0 -0.2484986374526843,50.89880851512639,0 -0.2484931297477022,50.89882440358335,0 -0.2484844098677841,50.89883686048853,0 -0.2484797955079698,50.89884991968637,0 -0.2484709151181363,50.89886262676602,0 -0.2484631749097721,50.89887207738334,0 -0.2484529778832489,50.89888829728848,0 -0.2484468085464975,50.89890529641304,0 -0.2484372880621066,50.89891897971371,0 -0.2483912437384228,50.89901691485552,0 -0.2483784147542079,50.89909093452044,0 -0.2484385891980656,50.89935286055967,0 -0.2485615241288508,50.89948420680279,0 -0.2487866990495602,50.89977371511212,0 -0.249100588178649,50.90009038599449,0 -0.2493840381074075,50.900489445937,0 -0.2496111120630362,50.90071596507548,0 -0.2499335763370092,50.90099707318084,0 -0.2501798173332026,50.90123130862568,0 -0.250345457630341,50.90138106460999,0 -0.2505731583049764,50.90167113020172,0 -0.2507392955414145,50.9020979251501,0 -0.2508461082082358,50.90243817431132,0 -0.2508418210839403,50.90272442047637,0 -0.2507618975545656,50.90292495083397,0 -0.2508542868740404,50.90306239882159,0 -0.2510526049814965,50.90317309029274,0 -0.2514859804380376,50.90333140864574,0 -0.2518021481924149,50.90343404082967,0 -0.2522723390269221,50.90360198275174,0 -0.2525881931330021,50.90365334382324,0 -0.2530098588216279,50.90375026481221,0 -0.2534267520842592,50.90379184137338,0 -0.2538925821693949,50.90386344344897,0 -0.2538886076922975,50.90398772633161,0 -0.2538931975259606,50.90425977364205,0 -0.2538362892071333,50.9044915080408,0 -0.2535878632748578,50.90480953586927,0 -0.2531819293968063,50.90511063831124,0 -0.2526380582861787,50.90542006714755,0 -0.2521556076267961,50.90589743569038,0 -0.251801226516879,50.90626578056346,0 -0.2517335216549621,50.90678844349672,0 -0.2519827515490347,50.90681944111402,0 -0.2522029758022581,50.90682183065553,0 -0.252327688824987,50.90673140216917,0 -0.2527649399526621,50.90645945374817,0 -0.2531426875114251,50.90624101894483,0 -0.2533932729340571,50.90610529757058,0 -0.2539165665062915,50.90582192491247,0 -0.2542036855566365,50.9056681676001,0 -0.2543855314257792,50.90556729008781,0 -0.2545682519506798,50.90542685525836,0 -0.2548759053292526,50.90515606420166,0 -0.2551748600723236,50.90415173955207,0 -0.2553217746825409,50.90381666779912,0 -0.2553923882368647,50.90381330834445,0 -0.2554978330649837,50.90380278286501,0 -0.2556439307797798,50.90376723365083,0 -0.2558201014667583,50.90372110263772,0 -0.2559475807921741,50.90367994810537,0 -0.2560308882683615,50.9037002450207,0 -0.2561102126637838,50.90372263459405,0 -0.2561786114054243,50.90374256210954,0 -0.256221017535212,50.90372866169787,0 -0.2562642622466238,50.90370320497825,0 -0.2563164318969535,50.90366722776701,0 -0.256428085397159,50.90367026712787,0 -0.256487472860516,50.90369222465974,0 -0.2565894524505585,50.90372180300743,0 -0.2566804743996765,50.90373139035096,0 -0.2567965416042539,50.90372380453508,0 -0.2571224255605342,50.90368628775592,0 -0.2571957907064726,50.90368584860382,0 -0.2574490461898071,50.90374022901518,0 -0.257628762267027,50.90378915869235,0 -0.2578244907500282,50.90382418868693,0 -0.2579830092550506,50.90379796147298,0 -0.2582913027006628,50.90376980077674,0 -0.2584862477554817,50.90367562069063,0 -0.258729651941858,50.90367209330184,0 -0.2589216856657506,50.90369724881857,0 -0.2587223082711865,50.9033827163187,0 -0.258809483136393,50.90324067837468,0 -0.2588398519891655,50.90315672165871,0 -0.2589145054799846,50.90290845122259,0 -0.2589865227729737,50.90235926044919,0 -0.2589820709646617,50.90180421176597,0 -0.2590937342792465,50.90111906626947,0 -0.259148179839257,50.900813069013,0 -0.2592598839412952,50.90026361478276,0 -0.2593739689272034,50.89965187755161,0 -0.2595008314485314,50.89870951917233,0 
						</coordinates>
					</LinearRing>
				</outerBoundaryIs>
			</Polygon>
		</Placemark>
		<Folder id="05C67575C43EC015937A">
			<name>Sand Fencing</name>
			<visibility>0</visibility>
			<Placemark id="14238EA4153EC015937A">
				<name>Walkway</name>
				<visibility>0</visibility>
				<styleUrl>#m_ylw-pushpin03</styleUrl>
				<LineString>
					<tessellate>1</tessellate>
					<coordinates>
						-0.2573534737341276,50.9008553591607,0 -0.2573931785373029,50.90084270234834,0 -0.2574940922199032,50.90062022715497,0 -0.2590440495562507,50.90085924369107,0 
					</coordinates>
				</LineString>
			</Placemark>
			<Placemark id="28BE9F17C03EC015937A">
				<name>Untitled Path</name>
				<visibility>0</visibility>
				<styleUrl>#m_ylw-pushpin03</styleUrl>
				<LineString>
					<tessellate>1</tessellate>
					<coordinates>
						-0.2573840900612412,50.90062579250524,0 -0.2574029539801781,50.90058697725879,0 -0.2574300865166657,50.90059154939492,0 
					</coordinates>
				</LineString>
			</Placemark>
			<Placemark id="3A5D49C6323EC015937A">
				<name>Gate 12ft</name>
				<visibility>0</visibility>
				<styleUrl>#msn_ylw-pushpin3</styleUrl>
				<LineString>
					<tessellate>1</tessellate>
					<coordinates>
						-0.2574734485614305,50.90059877498859,0 -0.2575225760743582,50.9005893619414,0 
					</coordinates>
				</LineString>
			</Placemark>
			<Placemark id="497DFBF2213EC015937A">
				<name>Untitled Path</name>
				<visibility>0</visibility>
				<styleUrl>#m_ylw-pushpin03</styleUrl>
				<LineString>
					<tessellate>1</tessellate>
					<coordinates>
						-0.2574640944853168,50.90059614163737,0 -0.2574413691631428,50.90058051836559,0 
					</coordinates>
				</LineString>
			</Placemark>
			<Placemark id="5209523B0A3EC015937A">
				<name>Fence Post Rail</name>
				<visibility>0</visibility>
				<styleUrl>#msn_ylw-pushpin3</styleUrl>
				<LineString>
					<tessellate>1</tessellate>
					<coordinates>
						-0.2574696671201004,50.90059695404401,0 -0.2574823208976762,50.90056553479828,0 
					</coordinates>
				</LineString>
			</Placemark>
			<Placemark id="6E819311483EC015937A">
				<name>Walkway South</name>
				<visibility>0</visibility>
				<styleUrl>#msn_ylw-pushpin3</styleUrl>
				<LineString>
					<tessellate>1</tessellate>
					<coordinates>
						-0.257521347723807,50.90060358911882,0 -0.2583770046355816,50.90073372042418,0 
					</coordinates>
				</LineString>
			</Placemark>
			<Placemark id="7D018B29FA3EC015937A">
				<name>South Path</name>
				<visibility>0</visibility>
				<styleUrl>#msn_ylw-pushpin3</styleUrl>
				<LineString>
					<tessellate>1</tessellate>
					<coordinates>
						-0.2584097414333542,50.90073780714386,0 -0.2590464733627962,50.90083767075792,0 
					</coordinates>
				</LineString>
			</Placemark>
			<Placemark id="8F6358AD713EC015937A">
				<name>Gate 10ft</name>
				<visibility>0</visibility>
				<styleUrl>#msn_ylw-pushpin3</styleUrl>
				<LineString>
					<tessellate>1</tessellate>
					<coordinates>
						-0.2583806384206344,50.90073367872175,0 -0.258407632615324,50.90072366726513,0 
					</coordinates>
				</LineString>
			</Placemark>
			<Placemark id="9351A122CB3EC015937A">
				<name>Untitled Path</name>
				<visibility>0</visibility>
				<styleUrl>#m_ylw-pushpin03</styleUrl>
				<LineString>
					<tessellate>1</tessellate>
					<coordinates>
					</coordinates>
				</LineString>
			</Placemark>
			<Placemark id="ADE0ABCF283EC015937A">
				<name>Untitled Path</name>
				<visibility>0</visibility>
				<styleUrl>#m_ylw-pushpin03</styleUrl>
				<LineString>
					<tessellate>1</tessellate>
					<coordinates>
						-0.2583117779567135,50.90065777782501,0 -0.258334531058626,50.90062394275291,0 
					</coordinates>
				</LineString>
			</Placemark>
			<Placemark id="B281123CAF3EC015937A">
				<name>Untitled Path</name>
				<visibility>0</visibility>
				<styleUrl>#m_ylw-pushpin03</styleUrl>
				<LineString>
					<tessellate>1</tessellate>
					<coordinates>
						-0.2583105624235793,50.90065835732099,0 -0.2582904887253357,50.90072021009175,0 
					</coordinates>
				</LineString>
			</Placemark>
			<Placemark id="CF368909383EC015937A">
				<name>Style</name>
				<visibility>0</visibility>
				<styleUrl>#m_ylw-pushpin03</styleUrl>
				<LineString>
					<tessellate>1</tessellate>
					<coordinates>
						-0.2574824985066537,50.90062498435674,0 -0.2574961308649459,50.900642914376,0 
					</coordinates>
				</LineString>
			</Placemark>
			<Placemark id="DE7E98B1703EC015937A">
				<name>Public Footpath</name>
				<visibility>0</visibility>
				<styleUrl>#msn_ylw-pushpin5</styleUrl>
				<LineString>
					<tessellate>1</tessellate>
					<coordinates>
						-0.2565882271059727,50.89988228402515,0 -0.2588994435613823,50.9017637087168,0 
					</coordinates>
				</LineString>
			</Placemark>
			<Placemark id="E0F19183A83EC015937A">
				<name>Gate Post 1</name>
				<visibility>0</visibility>
				<LookAt>
					<longitude>-0.2581933501724243</longitude>
					<latitude>50.90064937612437</latitude>
					<altitude>0</altitude>
					<heading>-0.8515649887072865</heading>
					<tilt>18.4953685477062</tilt>
					<range>72.81866421507509</range>
					<gx:altitudeMode>relativeToSeaFloor</gx:altitudeMode>
				</LookAt>
				<styleUrl>#m_ylw-pushpin60</styleUrl>
				<Point>
					<gx:drawOrder>1</gx:drawOrder>
					<coordinates>-0.2583783041754473,50.90073338213379,0</coordinates>
				</Point>
			</Placemark>
			<Placemark id="F6FBCB60443EC015937A">
				<name>Gate Post 2</name>
				<visibility>0</visibility>
				<LookAt>
					<longitude>-0.2583292955537064</longitude>
					<latitude>50.90068955600009</latitude>
					<altitude>0</altitude>
					<heading>6.972805142178673</heading>
					<tilt>15.46809496691515</tilt>
					<range>43.77403602157874</range>
					<gx:altitudeMode>relativeToSeaFloor</gx:altitudeMode>
				</LookAt>
				<styleUrl>#m_ylw-pushpin60</styleUrl>
				<Point>
					<gx:drawOrder>1</gx:drawOrder>
					<coordinates>-0.2584079162411368,50.90073691757123,0</coordinates>
				</Point>
			</Placemark>
			<Placemark id="10845A7BDC33EC015937A">
				<name>gate post</name>
				<visibility>0</visibility>
				<Camera>
					<longitude>-0.257472726932414</longitude>
					<latitude>50.90043767407062</latitude>
					<altitude>56.6236126498633</altitude>
					<heading>3.242515953144627</heading>
					<tilt>4.385501468611816</tilt>
					<roll>-4.161162622483713</roll>
					<gx:altitudeMode>relativeToSeaFloor</gx:altitudeMode>
				</Camera>
				<styleUrl>#m_ylw-pushpin60</styleUrl>
				<Point>
					<gx:drawOrder>1</gx:drawOrder>
					<coordinates>-0.2574735728721222,50.90059805556109,0</coordinates>
				</Point>
			</Placemark>
		</Folder>
		<Folder id="111D065091B3EC015937A">
			<name>Field Names</name>
			<Placemark id="12DED7575B43EC015937A">
				<name>Hither Cowfield 1</name>
				<LookAt>
					<gx:TimeStamp><when>2019-10-06T09:37:44Z</when>
</gx:TimeStamp>
					<longitude>-0.2574089288753068</longitude>
					<latitude>50.89322789953241</latitude>
					<altitude>0</altitude>
					<heading>4.86549540937902</heading>
					<tilt>30.00577930523272</tilt>
					<range>1286.712920434343</range>
					<gx:altitudeMode>relativeToSeaFloor</gx:altitudeMode>
				</LookAt>
				<styleUrl>#m_ylw-pushpin36</styleUrl>
				<Point>
					<gx:drawOrder>1</gx:drawOrder>
					<coordinates>-0.262578224584481,50.89141536577905,0</coordinates>
				</Point>
			</Placemark>
			<Placemark id="1366B6227D23EC015937A">
				<name>East Cowfield 2</name>
				<LookAt>
					<gx:TimeStamp><when>2019-10-06T09:37:44Z</when>
</gx:TimeStamp>
					<longitude>-0.2573026414693302</longitude>
					<latitude>50.89401562188176</latitude>
					<altitude>0</altitude>
					<heading>4.865577884677814</heading>
					<tilt>30.00579887370575</tilt>
					<range>1291.069050799179</range>
					<gx:altitudeMode>relativeToSeaFloor</gx:altitudeMode>
				</LookAt>
				<styleUrl>#m_ylw-pushpin31</styleUrl>
				<Point>
					<gx:drawOrder>1</gx:drawOrder>
					<coordinates>-0.2624014256286455,50.89433042529907,0</coordinates>
				</Point>
			</Placemark>
			<Placemark id="146FA0ED1363EC015937A">
				<name>West Cowfield 3</name>
				<LookAt>
					<gx:TimeStamp><when>2019-10-06T09:37:44Z</when>
</gx:TimeStamp>
					<longitude>-0.2573026333639439</longitude>
					<latitude>50.89401561645865</latitude>
					<altitude>0</altitude>
					<heading>4.865577890683359</heading>
					<tilt>30.00579887373997</tilt>
					<range>1291.069058332249</range>
					<gx:altitudeMode>relativeToSeaFloor</gx:altitudeMode>
				</LookAt>
				<styleUrl>#m_ylw-pushpin42</styleUrl>
				<Point>
					<gx:drawOrder>1</gx:drawOrder>
					<coordinates>-0.2604534297730532,50.8932314607048,0</coordinates>
				</Point>
			</Placemark>
			<Placemark id="15A9C43024E3EC015937A">
				<name>The Fletchetts 4</name>
				<LookAt>
					<gx:TimeStamp><when>2019-10-06T09:37:44Z</when>
</gx:TimeStamp>
					<longitude>-0.256846607987703</longitude>
					<latitude>50.89526218263206</latitude>
					<altitude>0</altitude>
					<heading>4.865988179335661</heading>
					<tilt>28.35004091513607</tilt>
					<range>1337.496912432699</range>
					<gx:altitudeMode>relativeToSeaFloor</gx:altitudeMode>
				</LookAt>
				<styleUrl>#m_ylw-pushpin53</styleUrl>
				<Point>
					<gx:drawOrder>1</gx:drawOrder>
					<coordinates>-0.2601797275034046,50.8959077878723,0</coordinates>
				</Point>
			</Placemark>
			<Placemark id="163EC37B8E23EC015937A">
				<name>South Flacketts 5</name>
				<LookAt>
					<gx:TimeStamp><when>2019-10-06T09:37:44Z</when>
</gx:TimeStamp>
					<longitude>-0.2562033549403953</longitude>
					<latitude>50.89601720155328</latitude>
					<altitude>0</altitude>
					<heading>4.866487304497252</heading>
					<tilt>28.35340613734635</tilt>
					<range>2126.552150159936</range>
					<gx:altitudeMode>relativeToSeaFloor</gx:altitudeMode>
				</LookAt>
				<styleUrl>#m_ylw-pushpin22</styleUrl>
				<Point>
					<gx:drawOrder>1</gx:drawOrder>
					<coordinates>-0.2586891739051955,50.8974917036771,0</coordinates>
				</Point>
			</Placemark>
			<Placemark id="17BEA21BEA33EC015937A">
				<name>North Flacketts 6</name>
				<LookAt>
					<gx:TimeStamp><when>2019-10-06T09:37:44Z</when>
</gx:TimeStamp>
					<longitude>-0.2581381886475864</longitude>
					<latitude>50.89793782000763</latitude>
					<altitude>0</altitude>
					<heading>4.864958963304424</heading>
					<tilt>25.74183171589635</tilt>
					<range>718.5728875704632</range>
					<gx:altitudeMode>relativeToSeaFloor</gx:altitudeMode>
				</LookAt>
				<styleUrl>#m_ylw-pushpin19</styleUrl>
				<Point>
					<gx:drawOrder>1</gx:drawOrder>
					<coordinates>-0.2581961662850674,50.89878654646667,0</coordinates>
				</Point>
			</Placemark>
			<Placemark id="18B14A6462F3EC015937A">
				<name>West Sands 7</name>
				<LookAt>
					<gx:TimeStamp><when>2019-10-06T09:37:44Z</when>
</gx:TimeStamp>
					<longitude>-0.257081838348433</longitude>
					<latitude>50.90028494666077</latitude>
					<altitude>0</altitude>
					<heading>4.865296677295436</heading>
					<tilt>11.00826650322211</tilt>
					<range>1624.996578083039</range>
					<gx:altitudeMode>relativeToSeaFloor</gx:altitudeMode>
				</LookAt>
				<styleUrl>#m_ylw-pushpin18</styleUrl>
				<Point>
					<gx:drawOrder>1</gx:drawOrder>
					<coordinates>-0.2579819896143487,50.90024457139237,0</coordinates>
				</Point>
			</Placemark>
			<Placemark id="19E98DD10313EC015937A">
				<name>Banky Sands 8</name>
				<LookAt>
					<gx:TimeStamp><when>2019-10-06T09:37:44Z</when>
</gx:TimeStamp>
					<longitude>-0.2578191347081682</longitude>
					<latitude>50.90353528192411</latitude>
					<altitude>0</altitude>
					<heading>4.865149749781374</heading>
					<tilt>24.11562756662078</tilt>
					<range>1310.795595437773</range>
					<gx:altitudeMode>relativeToSeaFloor</gx:altitudeMode>
				</LookAt>
				<styleUrl>#m_ylw-pushpin</styleUrl>
				<Point>
					<gx:drawOrder>1</gx:drawOrder>
					<coordinates>-0.2569078478907716,50.90220924352626,0</coordinates>
				</Point>
			</Placemark>
			<Placemark id="1A32820661B3EC015937A">
				<name>West Meadow 9</name>
				<LookAt>
					<gx:TimeStamp><when>2019-10-06T09:37:44Z</when>
</gx:TimeStamp>
					<longitude>-0.2565678387862602</longitude>
					<latitude>50.89989333409887</latitude>
					<altitude>0</altitude>
					<heading>4.865695555031959</heading>
					<tilt>11.00826716882343</tilt>
					<range>1625.383469787733</range>
					<gx:altitudeMode>relativeToSeaFloor</gx:altitudeMode>
				</LookAt>
				<styleUrl>#m_ylw-pushpin52</styleUrl>
				<Point>
					<gx:drawOrder>1</gx:drawOrder>
					<coordinates>-0.2564222874950306,50.90343958296962,0</coordinates>
				</Point>
			</Placemark>
			<Placemark id="1BDDF5AC91C3EC015937A">
				<name>The Lakes 10</name>
				<LookAt>
					<gx:TimeStamp><when>2019-10-06T09:37:44Z</when>
</gx:TimeStamp>
					<longitude>-0.2561641756191579</longitude>
					<latitude>50.9051846071542</latitude>
					<altitude>0</altitude>
					<heading>4.866204955133037</heading>
					<tilt>19.82836822024524</tilt>
					<range>920.5267185907492</range>
					<gx:altitudeMode>relativeToSeaFloor</gx:altitudeMode>
				</LookAt>
				<styleUrl>#m_ylw-pushpin50</styleUrl>
				<Point>
					<gx:drawOrder>1</gx:drawOrder>
					<coordinates>-0.2543105287933844,50.90481586392435,0</coordinates>
				</Point>
			</Placemark>
			<Placemark id="1C014E27DAA3EC015937A">
				<name>East Meadow 11</name>
				<LookAt>
					<gx:TimeStamp><when>2019-10-06T09:37:44Z</when>
</gx:TimeStamp>
					<longitude>-0.256501194003228</longitude>
					<latitude>50.90182885473516</latitude>
					<altitude>0</altitude>
					<heading>4.865758631990587</heading>
					<tilt>12.92551956349074</tilt>
					<range>762.4199816115695</range>
					<gx:altitudeMode>relativeToSeaFloor</gx:altitudeMode>
				</LookAt>
				<styleUrl>#m_ylw-pushpin45</styleUrl>
				<Point>
					<gx:drawOrder>1</gx:drawOrder>
					<coordinates>-0.2528283340256632,50.9033153681515,0</coordinates>
				</Point>
			</Placemark>
			<Placemark id="1D88E3411FF3EC015937A">
				<name>North East Sands 12</name>
				<LookAt>
					<gx:TimeStamp><when>2019-10-06T09:37:44Z</when>
</gx:TimeStamp>
					<longitude>-0.2510606179506147</longitude>
					<latitude>50.90150437880632</latitude>
					<altitude>0</altitude>
					<heading>4.870893485035607</heading>
					<tilt>21.95243195850441</tilt>
					<range>1132.084684710931</range>
					<gx:altitudeMode>relativeToSeaFloor</gx:altitudeMode>
				</LookAt>
				<styleUrl>#msn_red-diamond0</styleUrl>
				<Point>
					<gx:drawOrder>1</gx:drawOrder>
					<coordinates>-0.2527760849253169,50.90160961752022,0</coordinates>
				</Point>
			</Placemark>
			<Placemark id="1E021C404543EC015937A">
				<name>Sands Hill 13</name>
				<LookAt>
					<gx:TimeStamp><when>2019-10-06T09:37:44Z</when>
</gx:TimeStamp>
					<longitude>-0.2508194334551694</longitude>
					<latitude>50.90031977498485</latitude>
					<altitude>0</altitude>
					<heading>1.797912647166904e-10</heading>
					<tilt>44.99999999986067</tilt>
					<range>999.999993411931</range>
					<gx:altitudeMode>relativeToSeaFloor</gx:altitudeMode>
				</LookAt>
				<styleUrl>#msn_red-diamond</styleUrl>
				<Point>
					<gx:drawOrder>1</gx:drawOrder>
					<coordinates>-0.2508194334551694,50.90031977498484,0</coordinates>
				</Point>
			</Placemark>
			<Placemark id="1F4E8D5B5583EC015937A">
				<name>The Sands 14</name>
				<LookAt>
					<gx:TimeStamp><when>2019-10-06T09:37:44Z</when>
</gx:TimeStamp>
					<longitude>-0.2534329784312173</longitude>
					<latitude>50.90143279995894</latitude>
					<altitude>0</altitude>
					<heading>4.869052385199453</heading>
					<tilt>21.95240778408084</tilt>
					<range>1124.886054932294</range>
					<gx:altitudeMode>relativeToSeaFloor</gx:altitudeMode>
				</LookAt>
				<styleUrl>#msn_red-diamond1</styleUrl>
				<Point>
					<gx:drawOrder>1</gx:drawOrder>
					<coordinates>-0.2541304790806953,50.90020156326412,0</coordinates>
				</Point>
			</Placemark>
			<Placemark id="20700F644683EC015937A">
				<name>Wood Field 15</name>
				<LookAt>
					<gx:TimeStamp><when>2019-10-06T09:37:44Z</when>
</gx:TimeStamp>
					<longitude>-0.2536458516258489</longitude>
					<latitude>50.8986140891332</latitude>
					<altitude>0</altitude>
					<heading>4.868259908492833</heading>
					<tilt>25.46408103517488</tilt>
					<range>576.3501372158948</range>
					<gx:altitudeMode>relativeToSeaFloor</gx:altitudeMode>
				</LookAt>
				<styleUrl>#m_ylw-pushpin20</styleUrl>
				<Point>
					<gx:drawOrder>1</gx:drawOrder>
					<coordinates>-0.2538661054627978,50.8989183898907,0</coordinates>
				</Point>
			</Placemark>
			<Placemark id="213953430263EC015937A">
				<name>Airstrip 16</name>
				<LookAt>
					<gx:TimeStamp><when>2019-10-06T09:37:44Z</when>
</gx:TimeStamp>
					<longitude>-0.2536458516258489</longitude>
					<latitude>50.8986140891332</latitude>
					<altitude>0</altitude>
					<heading>4.868259908492833</heading>
					<tilt>25.46408103517488</tilt>
					<range>576.3501372158948</range>
					<gx:altitudeMode>relativeToSeaFloor</gx:altitudeMode>
				</LookAt>
				<styleUrl>#m_ylw-pushpin41</styleUrl>
				<Point>
					<gx:drawOrder>1</gx:drawOrder>
					<coordinates>-0.2545469300458081,50.89834782701034,0</coordinates>
				</Point>
			</Placemark>
			<Placemark id="222EE7C5B833EC015937A">
				<name>Nine Acre 17</name>
				<LookAt>
					<gx:TimeStamp><when>2019-10-06T09:37:44Z</when>
</gx:TimeStamp>
					<longitude>-0.2566594342213768</longitude>
					<latitude>50.89694903949488</latitude>
					<altitude>0</altitude>
					<heading>4.866120571359172</heading>
					<tilt>26.91295547931773</tilt>
					<range>1004.402657317845</range>
					<gx:altitudeMode>relativeToSeaFloor</gx:altitudeMode>
				</LookAt>
				<styleUrl>#m_ylw-pushpin39</styleUrl>
				<Point>
					<gx:drawOrder>1</gx:drawOrder>
					<coordinates>-0.2561035109900478,50.89750743544484,0</coordinates>
				</Point>
			</Placemark>
			<Placemark id="236781058393EC015937A">
				<name>East Wood 18</name>
				<LookAt>
					<gx:TimeStamp><when>2019-10-06T09:37:44Z</when>
</gx:TimeStamp>
					<longitude>-0.2600005138639061</longitude>
					<latitude>50.89628762825433</latitude>
					<altitude>0</altitude>
					<heading>3.304458762070007</heading>
					<tilt>7.840823638787648</tilt>
					<range>1530.964142761697</range>
					<gx:altitudeMode>relativeToSeaFloor</gx:altitudeMode>
				</LookAt>
				<styleUrl>#m_ylw-pushpin15</styleUrl>
				<Point>
					<gx:drawOrder>1</gx:drawOrder>
					<coordinates>-0.2562223574180467,50.89557634950093,0</coordinates>
				</Point>
			</Placemark>
			<Placemark id="2441EC510B53EC015937A">
				<name>Wingfield 19</name>
				<LookAt>
					<gx:TimeStamp><when>2019-10-06T09:37:44Z</when>
</gx:TimeStamp>
					<longitude>-0.2591765982760608</longitude>
					<latitude>50.89268950857688</latitude>
					<altitude>0</altitude>
					<heading>1.093145845092605</heading>
					<tilt>30.48691689649346</tilt>
					<range>1500.20368213271</range>
					<gx:altitudeMode>relativeToSeaFloor</gx:altitudeMode>
				</LookAt>
				<styleUrl>#m_ylw-pushpin24</styleUrl>
				<Point>
					<gx:drawOrder>1</gx:drawOrder>
					<coordinates>-0.2558995727694768,50.89347809091451,0</coordinates>
				</Point>
			</Placemark>
			<Placemark id="2539ECF56963EC015937A">
				<name>Gratlands 20</name>
				<LookAt>
					<gx:TimeStamp><when>2019-10-06T09:37:44Z</when>
</gx:TimeStamp>
					<longitude>-0.2531222165720115</longitude>
					<latitude>50.8904583600985</latitude>
					<altitude>0</altitude>
					<heading>1.333043764730157</heading>
					<tilt>21.5338542417897</tilt>
					<range>2646.449137723325</range>
					<gx:altitudeMode>relativeToSeaFloor</gx:altitudeMode>
				</LookAt>
				<styleUrl>#m_ylw-pushpin26</styleUrl>
				<Point>
					<gx:drawOrder>1</gx:drawOrder>
					<coordinates>-0.25664467839002,50.8915589651024,0</coordinates>
				</Point>
			</Placemark>
			<Placemark id="26DC819ADED3EC015937A">
				<name>Gratlands Paddocks 21</name>
				<LookAt>
					<gx:TimeStamp><when>2019-10-06T09:37:44Z</when>
</gx:TimeStamp>
					<longitude>-0.2583955516880954</longitude>
					<latitude>50.89171179371294</latitude>
					<altitude>0</altitude>
					<heading>-0.00570634979854967</heading>
					<tilt>32.41414211161394</tilt>
					<range>646.9749416734941</range>
					<gx:altitudeMode>relativeToSeaFloor</gx:altitudeMode>
				</LookAt>
				<styleUrl>#m_ylw-pushpin16</styleUrl>
				<Point>
					<gx:drawOrder>1</gx:drawOrder>
					<coordinates>-0.2593559714382543,50.89113350887951,0</coordinates>
				</Point>
			</Placemark>
			<Placemark id="279837EF3DA3EC015937A">
				<name>Garden Paddock 22</name>
				<LookAt>
					<gx:TimeStamp><when>2019-10-06T09:37:44Z</when>
</gx:TimeStamp>
					<longitude>-0.2574089288753068</longitude>
					<latitude>50.89322789953241</latitude>
					<altitude>0</altitude>
					<heading>4.86549540937902</heading>
					<tilt>30.00577930523272</tilt>
					<range>1286.712920434343</range>
					<gx:altitudeMode>relativeToSeaFloor</gx:altitudeMode>
				</LookAt>
				<styleUrl>#m_ylw-pushpin7</styleUrl>
				<Point>
					<gx:drawOrder>1</gx:drawOrder>
					<coordinates>-0.2589877603547608,50.89047339590277,0</coordinates>
				</Point>
			</Placemark>
			<Placemark id="28C3EB36C033EC015937A">
				<name>West Lane 23</name>
				<LookAt>
					<gx:TimeStamp><when>2019-10-06T09:37:44Z</when>
</gx:TimeStamp>
					<longitude>-0.2586073837763858</longitude>
					<latitude>50.89219831834365</latitude>
					<altitude>0</altitude>
					<heading>4.864409733092717</heading>
					<tilt>25.47032352419433</tilt>
					<range>2192.780117552693</range>
					<gx:altitudeMode>relativeToSeaFloor</gx:altitudeMode>
				</LookAt>
				<styleUrl>#m_ylw-pushpin44</styleUrl>
				<Point>
					<gx:drawOrder>1</gx:drawOrder>
					<coordinates>-0.2619794318279922,50.88857590583271,0</coordinates>
				</Point>
			</Placemark>
			<Placemark id="296CF6920413EC015937A">
				<name>The Hill 24</name>
				<LookAt>
					<gx:TimeStamp><when>2019-10-06T09:37:44Z</when>
</gx:TimeStamp>
					<longitude>-0.2613784077256753</longitude>
					<latitude>50.89110664078235</latitude>
					<altitude>0</altitude>
					<heading>4.862259779943939</heading>
					<tilt>25.47320912541786</tilt>
					<range>2939.98245494765</range>
					<gx:altitudeMode>relativeToSeaFloor</gx:altitudeMode>
				</LookAt>
				<styleUrl>#m_ylw-pushpin21</styleUrl>
				<Point>
					<gx:drawOrder>1</gx:drawOrder>
					<coordinates>-0.2611255024436887,50.88565903258005,0</coordinates>
				</Point>
			</Placemark>
			<Placemark id="2A12A8487353EC015937A">
				<name>East Lane 25</name>
				<LookAt>
					<gx:TimeStamp><when>2019-10-06T09:37:44Z</when>
</gx:TimeStamp>
					<longitude>-0.2586073837763858</longitude>
					<latitude>50.89219831834365</latitude>
					<altitude>0</altitude>
					<heading>4.864409733092717</heading>
					<tilt>25.47032352419433</tilt>
					<range>2192.780117552693</range>
					<gx:altitudeMode>relativeToSeaFloor</gx:altitudeMode>
				</LookAt>
				<styleUrl>#m_ylw-pushpin29</styleUrl>
				<Point>
					<gx:drawOrder>1</gx:drawOrder>
					<coordinates>-0.2561865790715212,50.88901471928446,0</coordinates>
				</Point>
			</Placemark>
			<Placemark id="2B5E837D6DB3EC015937A">
				<name>Browns Meadow 26</name>
				<LookAt>
					<gx:TimeStamp><when>2019-10-06T09:37:44Z</when>
</gx:TimeStamp>
					<longitude>-0.2546955500545378</longitude>
					<latitude>50.893618553611</latitude>
					<altitude>0</altitude>
					<heading>-0.0001792948867878526</heading>
					<tilt>45.00166542063133</tilt>
					<range>1262.217803311364</range>
					<gx:altitudeMode>relativeToSeaFloor</gx:altitudeMode>
				</LookAt>
				<styleUrl>#m_ylw-pushpin9</styleUrl>
				<Point>
					<gx:drawOrder>1</gx:drawOrder>
					<coordinates>-0.2501586224653718,50.89169455916431,0</coordinates>
				</Point>
			</Placemark>
			<Placemark id="2CC2975DA5F3EC015937A">
				<name>OX Pasture 27</name>
				<LookAt>
					<gx:TimeStamp><when>2019-10-06T09:37:44Z</when>
</gx:TimeStamp>
					<longitude>-0.2519940042430813</longitude>
					<latitude>50.89499585939896</latitude>
					<altitude>0</altitude>
					<heading>0.001766037095043083</heading>
					<tilt>38.49277142743687</tilt>
					<range>918.1288761871649</range>
					<gx:altitudeMode>relativeToSeaFloor</gx:altitudeMode>
				</LookAt>
				<styleUrl>#m_ylw-pushpin54</styleUrl>
				<Point>
					<gx:drawOrder>1</gx:drawOrder>
					<coordinates>-0.2507871907680792,50.89408890930218,0</coordinates>
				</Point>
			</Placemark>
			<Placemark id="2D76E15CF623EC015937A">
				<name>The Crofts 28</name>
				<LookAt>
					<gx:TimeStamp><when>2019-10-06T09:37:44Z</when>
</gx:TimeStamp>
					<longitude>-0.2600005138639061</longitude>
					<latitude>50.89628762825433</latitude>
					<altitude>0</altitude>
					<heading>3.304458762070007</heading>
					<tilt>7.840823638787648</tilt>
					<range>1530.964142761697</range>
					<gx:altitudeMode>relativeToSeaFloor</gx:altitudeMode>
				</LookAt>
				<styleUrl>#m_ylw-pushpin2</styleUrl>
				<Point>
					<gx:drawOrder>1</gx:drawOrder>
					<coordinates>-0.2527065820709151,50.89508642977439,0</coordinates>
				</Point>
			</Placemark>
			<Placemark id="2E71A0B6E413EC015937A">
				<name>Airstrip Meadow 29</name>
				<LookAt>
					<gx:TimeStamp><when>2019-10-06T09:37:44Z</when>
</gx:TimeStamp>
					<longitude>-0.2516300051976561</longitude>
					<latitude>50.89705700276978</latitude>
					<altitude>0</altitude>
					<heading>3.283715075806568</heading>
					<tilt>23.51820509642298</tilt>
					<range>705.455270246276</range>
					<gx:altitudeMode>relativeToSeaFloor</gx:altitudeMode>
				</LookAt>
				<styleUrl>#m_ylw-pushpin23</styleUrl>
				<Point>
					<gx:drawOrder>1</gx:drawOrder>
					<coordinates>-0.2503467082108701,50.8969451827327,0</coordinates>
				</Point>
			</Placemark>
			<Placemark id="2F9BD7DA3A63EC015937A">
				<name>The Brooks 30</name>
				<LookAt>
					<gx:TimeStamp><when>2019-10-06T09:37:44Z</when>
</gx:TimeStamp>
					<longitude>-0.2516735427078332</longitude>
					<latitude>50.89968539454328</latitude>
					<altitude>0</altitude>
					<heading>4.672497992170229</heading>
					<tilt>28.8927322646806</tilt>
					<range>1203.216899577166</range>
					<gx:altitudeMode>relativeToSeaFloor</gx:altitudeMode>
				</LookAt>
				<styleUrl>#m_ylw-pushpin61</styleUrl>
				<Point>
					<gx:drawOrder>1</gx:drawOrder>
					<coordinates>-0.2488615261577698,50.89917055503758,0</coordinates>
				</Point>
			</Placemark>
			<Placemark id="301BB7C57FB3EC015937A">
				<name>North Furze Wood 31</name>
				<LookAt>
					<gx:TimeStamp><when>2019-10-06T09:37:44Z</when>
</gx:TimeStamp>
					<longitude>-0.2523263203986048</longitude>
					<latitude>50.89841573889692</latitude>
					<altitude>0</altitude>
					<heading>4.869642076546835</heading>
					<tilt>23.52250458232977</tilt>
					<range>882.4751106533565</range>
					<gx:altitudeMode>relativeToSeaFloor</gx:altitudeMode>
				</LookAt>
				<styleUrl>#m_ylw-pushpin58</styleUrl>
				<Point>
					<gx:drawOrder>1</gx:drawOrder>
					<coordinates>-0.2514247063521025,50.89881861379819,0</coordinates>
				</Point>
			</Placemark>
			<Placemark id="31EE26B53A93EC015937A">
				<name>South Furze Wood 32</name>
				<LookAt>
					<gx:TimeStamp><when>2019-10-06T09:37:44Z</when>
</gx:TimeStamp>
					<longitude>-0.2523263203986048</longitude>
					<latitude>50.89841573889692</latitude>
					<altitude>0</altitude>
					<heading>4.869642076546835</heading>
					<tilt>23.52250458232977</tilt>
					<range>882.4751106533565</range>
					<gx:altitudeMode>relativeToSeaFloor</gx:altitudeMode>
				</LookAt>
				<styleUrl>#m_ylw-pushpin46</styleUrl>
				<Point>
					<gx:drawOrder>1</gx:drawOrder>
					<coordinates>-0.2527618212420024,50.8969994391656,0</coordinates>
				</Point>
			</Placemark>
			<Placemark id="32717F4283E3EC015937A">
				<name>Williams 33</name>
				<LookAt>
					<gx:TimeStamp><when>2019-10-06T09:37:44Z</when>
</gx:TimeStamp>
					<longitude>-0.2530678066805991</longitude>
					<latitude>50.89267744017857</latitude>
					<altitude>0</altitude>
					<heading>8.565653349328214</heading>
					<tilt>6.401607809490211</tilt>
					<range>1298.816605218271</range>
					<gx:altitudeMode>relativeToSeaFloor</gx:altitudeMode>
				</LookAt>
				<styleUrl>#m_ylw-pushpin17</styleUrl>
				<Point>
					<gx:drawOrder>1</gx:drawOrder>
					<coordinates>-0.2480266763083283,50.89130757764573,0</coordinates>
				</Point>
			</Placemark>
		</Folder>
		<Folder id="33D05A96BA83EC015937A">
			<name>Field Boundaries</name>
			<Placemark id="34988C775AD3EC015937A">
				<name>Heither Cowfield</name>
				<styleUrl>#msn_ylw-pushpin4</styleUrl>
				<Polygon>
					<tessellate>1</tessellate>
					<outerBoundaryIs>
						<LinearRing>
							<coordinates>
								-0.2601362780396577,50.89200372475647,0 -0.2604341791686327,50.89216844574024,0 -0.2608570620339079,50.89238492574441,0 -0.261246038733528,50.89258132578023,0 -0.2617386079007122,50.8927878262811,0 -0.2624285100909585,50.89309643184413,0 -0.2627896877409464,50.89323069106712,0 -0.2630051859948079,50.89329743637579,0 -0.2632996348129257,50.89335261592939,0 -0.2637545513444506,50.89338218776351,0 -0.2639920204350721,50.89282672851169,0 -0.2640792878894849,50.89253058791574,0 -0.2640932332891699,50.89220704259441,0 -0.2641557739780576,50.89167107651139,0 -0.2642136253554661,50.89099211968838,0 -0.2642565305525713,50.89049687270329,0 -0.2643028824212446,50.89001605335545,0 -0.2637854088145897,50.89000135451426,0 -0.2634739973594569,50.89002898469559,0 -0.2632008637111882,50.89001925728498,0 -0.2629147903257578,50.88999971612041,0 -0.2627146494319099,50.88999215665434,0 -0.2625430536763551,50.88997547694588,0 -0.2623575775059728,50.88996406679137,0 -0.2621451398482677,50.88993667991338,0 -0.2620721938227577,50.89018078363735,0 -0.2620378503171683,50.89025151964468,0 -0.2618626374287503,50.89032781526135,0 -0.2615846092963237,50.89060655446141,0 -0.2614808566961924,50.89070460260151,0 -0.2614641633523151,50.8908602044292,0 -0.2615308832255414,50.89090948856498,0 -0.2614115965179598,50.89108640587033,0 -0.261297012021009,50.89113020428346,0 -0.2611635501524723,50.89114254172998,0 -0.2610494801032859,50.89113823061418,0 -0.2609696794179661,50.89113319202207,0 -0.2609022096917302,50.89110447975892,0 -0.2606017910741176,50.89139789945186,0 -0.2603337061872579,50.89168531694182,0 -0.2601918559063265,50.89186245332757,0 -0.2601362780396577,50.89200372475647,0 
							</coordinates>
						</LinearRing>
					</outerBoundaryIs>
				</Polygon>
			</Placemark>
			<Placemark id="35422F041463EC015937A">
				<name>North Furze Wood</name>
				<styleUrl>#msn_ylw-pushpin6</styleUrl>
				<Polygon>
					<tessellate>1</tessellate>
					<outerBoundaryIs>
						<LinearRing>
							<coordinates>
								-0.2520425820638672,50.89979064235008,0 -0.2526013751471223,50.89828612308686,0 -0.2501609800442939,50.89794603884562,0 -0.2496646824867632,50.89848536911191,0 -0.2502691904130194,50.89867459914424,0 -0.2503366353508441,50.89885753907176,0 -0.2501151245635813,50.89915234637115,0 -0.2499172406645345,50.89925325148879,0 -0.249546528939677,50.89928529239159,0 -0.2492832744565243,50.89929033589216,0 -0.2494719236269294,50.89961395420797,0 -0.2506643406754205,50.89958237283167,0 -0.2520425820638672,50.89979064235008,0 
							</coordinates>
						</LinearRing>
					</outerBoundaryIs>
				</Polygon>
			</Placemark>
			<Placemark id="36BCBFF83163EC015937A">
				<name>East Lane</name>
				<styleUrl>#msn_ylw-pushpin4</styleUrl>
				<Polygon>
					<tessellate>1</tessellate>
					<outerBoundaryIs>
						<LinearRing>
							<coordinates>
								-0.2595537474276699,50.88905817392618,0 -0.2595462433676565,50.88875717013787,0 -0.259614663946599,50.88848949137834,0 -0.2596844303049395,50.88813920007112,0 -0.2592758283772167,50.88818946560343,0 -0.2586955419065617,50.88825160577384,0 -0.2584616590309852,50.88827073088646,0 -0.2579110416201191,50.88815361101089,0 -0.2574837712514333,50.8881172831871,0 -0.2570805105877216,50.88797988109354,0 -0.2567071923809439,50.88780287391973,0 -0.2562246602896001,50.88782968385691,0 -0.255703490804412,50.88788326901254,0 -0.2555048528778947,50.88792509829749,0 -0.2552469517791178,50.88803085110873,0 -0.2549283030959182,50.88816846663466,0 -0.2542316130378541,50.88818950203591,0 -0.2536855861557052,50.88818641906065,0 -0.25362180293518,50.88806398390517,0 -0.2535249226337388,50.88797209966185,0 -0.2532164237736512,50.88807229447955,0 -0.253259818430589,50.88831471182517,0 -0.2531307860145371,50.88841233635187,0 -0.2526353024026273,50.88850173807464,0 -0.2515278345937688,50.88842014912947,0 -0.2510791136445911,50.88843760144318,0 -0.2507809534842798,50.88848981159157,0 -0.2507215486030057,50.88857721831837,0 -0.2507904486189982,50.88869799988421,0 -0.2509640351635067,50.88901571380342,0 -0.2511593384916966,50.88920480811192,0 -0.2511577250107278,50.8894254835061,0 -0.2518013286866017,50.88958240022792,0 -0.2523737757039302,50.88974983375655,0 -0.2528866295760701,50.88989837978689,0 -0.2531182113749875,50.88991288932033,0 -0.2543475686186214,50.88994387520126,0 -0.2552808578899168,50.8899873227957,0 -0.2557890336753688,50.89001532974483,0 -0.2563318859146091,50.8900018380978,0 -0.2584330554651293,50.89000857965165,0 -0.2587265345427692,50.88997639433341,0 -0.2593674951269676,50.88981125909748,0 -0.2597800961535623,50.88967441903941,0 -0.2595537474276699,50.88905817392618,0 
							</coordinates>
						</LinearRing>
					</outerBoundaryIs>
				</Polygon>
			</Placemark>
			<Placemark id="37F30F203943EC015937A">
				<name>The Hill</name>
				<styleUrl>#msn_ylw-pushpin1</styleUrl>
				<Polygon>
					<tessellate>1</tessellate>
					<outerBoundaryIs>
						<LinearRing>
							<coordinates>
								-0.2652007148344404,50.88669958353348,0 -0.2653570012459927,50.88522922545015,0 -0.2644675903825144,50.88507688954768,0 -0.2641492243786647,50.885032053121,0 -0.2639729152846504,50.88492639123349,0 -0.263016415702122,50.88425214712866,0 -0.2624473748647815,50.88410977594416,0 -0.2620434585373665,50.88406202527085,0 -0.2616552527441551,50.8840433112638,0 -0.2614148671794014,50.88407051578789,0 -0.2608491252515865,50.88417877048913,0 -0.2601460215205398,50.88439506518468,0 -0.2592232057291077,50.88462166944294,0 -0.2582263776157945,50.88480225705373,0 -0.2574534658765937,50.88479863855273,0 -0.2559878956600081,50.88529384570393,0 -0.2562407727732674,50.88657175216845,0 -0.2563886585319264,50.88668176671238,0 -0.2565609361493981,50.88687727212778,0 -0.2566808004946075,50.88724535880864,0 -0.2567809438677615,50.88754582886773,0 -0.25684868714413,50.88780448944005,0 -0.2571303889071663,50.88790547796348,0 -0.2574870513763949,50.88801670089736,0 -0.2581262283783414,50.88807891002655,0 -0.2587932023002837,50.88811435822791,0 -0.2590450012224366,50.88802098032201,0 -0.2591015136708774,50.88786485879519,0 -0.2599520510307896,50.88769067733411,0 -0.260705145146648,50.88716849152373,0 -0.2612536560591683,50.88707760316433,0 -0.2624529029561462,50.88688908959671,0 -0.2639799665195164,50.88823865416917,0 -0.263892844594642,50.88988375163107,0 -0.2644749376402067,50.88992051271816,0 -0.2652007148344404,50.88669958353348,0 
							</coordinates>
						</LinearRing>
					</outerBoundaryIs>
				</Polygon>
			</Placemark>
			<Placemark id="383206C047A3EC015937A">
				<name>Gratlands Boundary</name>
				<styleUrl>#msn_ylw-pushpin4</styleUrl>
				<Polygon>
					<tessellate>1</tessellate>
					<outerBoundaryIs>
						<LinearRing>
							<coordinates>
								-0.2600343343269462,50.89174275153905,0 -0.2604053850531707,50.89139136007563,0 -0.2599654645507044,50.89132496411597,0 -0.2575044522384262,50.89113475169281,0 -0.2575456769089135,50.8901501228614,0 -0.2571943070165617,50.89015394546545,0 -0.2561554127537546,50.89012821185451,0 -0.2554440382575851,50.89012041521843,0 -0.2547210102722219,50.89008653463785,0 -0.2536962979570812,50.89004597319909,0 -0.2530380747236027,50.89004259538738,0 -0.2528317300978866,50.89003686354989,0 -0.2525212136193367,50.88995810794157,0 -0.2522549363702464,50.88990871045443,0 -0.2517450446433755,50.88977023603297,0 -0.2513216240873484,50.88964083991119,0 -0.2511292751771188,50.88962837645811,0 -0.2509708510183872,50.88967946228464,0 -0.25093145968764,50.88974553261423,0 -0.2508981252737907,50.88999265997028,0 -0.2508789025252178,50.89024900865766,0 -0.2508681089739651,50.89053333037796,0 -0.2508763989587137,50.89077131429915,0 -0.2508687756293559,50.8911108246085,0 -0.2508834946675742,50.89133985289709,0 -0.2509294019740604,50.89159440725616,0 -0.250998491458494,50.89174036074261,0 -0.251119590441965,50.89199840004593,0 -0.2512310855783584,50.89212673934946,0 -0.2513651627650415,50.89223125788519,0 -0.25152244687211,50.8923464555651,0 -0.25163700310465,50.89241048962675,0 -0.2518471740623274,50.89246939204111,0 -0.2520972624296225,50.8924868064255,0 -0.2529421034933199,50.89251308137624,0 -0.2551108869990748,50.89256223009344,0 -0.2560656255938676,50.89258920653884,0 -0.2571472785685658,50.89260555809723,0 -0.2579369645781293,50.89263214019632,0 -0.2588076536442552,50.8926622316441,0 -0.2595563562139869,50.89268567637937,0 -0.2600343343269462,50.89174275153905,0 
							</coordinates>
						</LinearRing>
					</outerBoundaryIs>
				</Polygon>
			</Placemark>
			<Placemark id="3925BBC8C4B3EC015937A">
				<name>Wingfield Boundary</name>
				<styleUrl>#msn_ylw-pushpin4</styleUrl>
				<Polygon>
					<tessellate>1</tessellate>
					<outerBoundaryIs>
						<LinearRing>
							<coordinates>
								-0.2592519310613606,50.89328167512471,0 -0.2587548958476538,50.8931718340237,0 -0.2588741345153633,50.89272450283795,0 -0.2577728945031932,50.89267550717636,0 -0.2534869897669512,50.89257784393303,0 -0.252615542555179,50.89256238655103,0 -0.2519737740835337,50.89254748168252,0 -0.2519415357728327,50.89267447659311,0 -0.2519319003998532,50.89286782992507,0 -0.2519268858693224,50.89310403823431,0 -0.2518797235707559,50.89345682598416,0 -0.2518579502811147,50.89358474144625,0 -0.2518378652463993,50.89375815309177,0 -0.2519511690418252,50.89377459173086,0 -0.2521074385669553,50.89379447880851,0 -0.2523783418224135,50.89382243688917,0 -0.2526865076850515,50.89383747203954,0 -0.2529503055950577,50.89384105581805,0 -0.2532327744927498,50.89385840086247,0 -0.253408710754689,50.89388742114355,0 -0.2535132543942842,50.89389812363882,0 -0.2536530133450765,50.89392579843237,0 -0.2538274294111564,50.89395633920882,0 -0.253964943766849,50.89398823615818,0 -0.2540940772359568,50.89401641567901,0 -0.2542311443549616,50.89406306361654,0 -0.2544079291893631,50.89411496366805,0 -0.2547251131556549,50.89419826014969,0 -0.2549042047323735,50.89423040461643,0 -0.2550284389396751,50.89424210363301,0 -0.2551705260022608,50.89424308646324,0 -0.2556412231847316,50.894245547792,0 -0.2560466133784256,50.89424992882209,0 -0.2567316605056602,50.89424580291908,0 -0.2572192075425728,50.89425085969868,0 -0.2588434475147128,50.8942585021629,0 -0.2592519310613606,50.89328167512471,0 
							</coordinates>
						</LinearRing>
					</outerBoundaryIs>
				</Polygon>
			</Placemark>
			<Placemark id="3A1935D0DEE3EC015937A">
				<name>Cowfield Boundary</name>
				<styleUrl>#msn_ylw-pushpin4</styleUrl>
				<Polygon>
					<tessellate>1</tessellate>
					<outerBoundaryIs>
						<LinearRing>
							<coordinates>
								-0.2632740902011399,50.89343121321003,0 -0.2626783628063456,50.89329115131383,0 -0.2624370048198987,50.89317509029793,0 -0.2620259840526873,50.89299917298554,0 -0.2617465366513183,50.89287787916295,0 -0.2612174451502869,50.89265011658463,0 -0.2607548784985048,50.89239692941596,0 -0.2602295834328594,50.89213404303768,0 -0.2601584316374239,50.89216381155495,0 -0.2600793943232205,50.89211113039025,0 -0.25958993114789,50.89306901112611,0 -0.259007602367094,50.89426172508316,0 -0.2597617683075515,50.89450148666907,0 -0.2610507413810781,50.89490426084048,0 -0.2615562149715422,50.89507768984015,0 -0.2621454293141889,50.8952441894979,0 -0.2629916470841354,50.89557051998912,0 -0.2631573794919928,50.89507405742474,0 -0.2633648844984404,50.89457465063698,0 -0.263521196233466,50.89404536679254,0 -0.2637205687878219,50.89346258098569,0 -0.2632740902011399,50.89343121321003,0 
							</coordinates>
						</LinearRing>
					</outerBoundaryIs>
				</Polygon>
			</Placemark>
			<Placemark id="3B3CF7ADF473EC015937A">
				<name>The Fletchetts Boundary</name>
				<styleUrl>#msn_ylw-pushpin4</styleUrl>
				<Polygon>
					<tessellate>1</tessellate>
					<outerBoundaryIs>
						<LinearRing>
							<coordinates>
								-0.2619941166115214,50.89529469760226,0 -0.2611845880338293,50.89501675103709,0 -0.2590206696029573,50.89432595265601,0 -0.2588157859560192,50.89476781031351,0 -0.2584231336970622,50.89558964162251,0 -0.2580037581512717,50.89649579975912,0 -0.2605248253506032,50.89717741073645,0 -0.2608322475060953,50.89699068103186,0 -0.2609626418793842,50.89694219783311,0 -0.2612873058480636,50.89682329200878,0 -0.2615615352946343,50.89669338832456,0 -0.2619298405853998,50.89651518779398,0 -0.2622433379728595,50.89632151165566,0 -0.2624829021361963,50.89617085993396,0 -0.2626553486039518,50.89598050621527,0 -0.2629107851998169,50.89565280180499,0 -0.2619941166115214,50.89529469760226,0 
							</coordinates>
						</LinearRing>
					</outerBoundaryIs>
				</Polygon>
			</Placemark>
			<Placemark id="3CFA063EC223EC015937A">
				<name>South Flacketts</name>
				<styleUrl>#msn_ylw-pushpin4</styleUrl>
				<Polygon>
					<tessellate>1</tessellate>
					<outerBoundaryIs>
						<LinearRing>
							<coordinates>
								-0.2604963024179774,50.89722643410985,0 -0.2591238477603153,50.89685130425316,0 -0.2579787631483343,50.89656751977755,0 -0.2576867081805245,50.89711189286844,0 -0.2574406037658172,50.89759415535703,0 -0.2595858892065883,50.89822890720314,0 -0.2604963024179774,50.89722643410985,0 
							</coordinates>
						</LinearRing>
					</outerBoundaryIs>
				</Polygon>
			</Placemark>
			<Placemark id="3D8149A2E783EC015937A">
				<name>East Wood</name>
				<styleUrl>#msn_ylw-pushpin4</styleUrl>
				<Polygon>
					<tessellate>1</tessellate>
					<outerBoundaryIs>
						<LinearRing>
							<coordinates>
								-0.2588198605523695,50.89430417426998,0 -0.2568664984913671,50.89428958060551,0 -0.2548947351544117,50.89428957096285,0 -0.2545758268998277,50.89643414465499,0 -0.2568629376328191,50.89694297733195,0 -0.2574742521675322,50.89709561274444,0 -0.2588198605523695,50.89430417426998,0 
							</coordinates>
						</LinearRing>
					</outerBoundaryIs>
				</Polygon>
			</Placemark>
			<Placemark id="3E53E48348D3EC015937A">
				<name>The Crofts</name>
				<styleUrl>#msn_ylw-pushpin4</styleUrl>
				<Polygon>
					<tessellate>1</tessellate>
					<outerBoundaryIs>
						<LinearRing>
							<coordinates>
								-0.2539265363141907,50.89405302729139,0 -0.2534231477319027,50.89393505488455,0 -0.2530438763535692,50.89390575000249,0 -0.2525192718456148,50.89386844161487,0 -0.2518592837903177,50.89383715355397,0 -0.2517522081658707,50.89408612722566,0 -0.2515194913906105,50.89413478262291,0 -0.2513470728606371,50.89418936054588,0 -0.2512094959542299,50.89425343087609,0 -0.2510718515513144,50.89435119331596,0 -0.2508724522170103,50.89448196492798,0 -0.2506429205455007,50.89474469391607,0 -0.2506179856437774,50.89486873124276,0 -0.2506119761828884,50.89502887857819,0 -0.2504885973073923,50.8954371504926,0 -0.250508715702622,50.89578753907625,0 -0.2504941109888537,50.89588289375696,0 -0.2515876962206942,50.89604158298936,0 -0.2526345375067507,50.89617270389748,0 -0.2545106793565177,50.89644164698704,0 -0.2548369473301959,50.89427591369788,0 -0.2539265363141907,50.89405302729139,0 
							</coordinates>
						</LinearRing>
					</outerBoundaryIs>
				</Polygon>
			</Placemark>
			<Placemark id="3FB67C530E13EC015937A">
				<name>OX Pasture</name>
				<styleUrl>#msn_ylw-pushpin4</styleUrl>
				<Polygon>
					<tessellate>1</tessellate>
					<outerBoundaryIs>
						<LinearRing>
							<coordinates>
								-0.250569676446275,50.89462116648356,0 -0.2506952478734115,50.89450590182151,0 -0.2511543884819345,50.89418656820732,0 -0.2513329441672219,50.89411934220796,0 -0.251690759860107,50.89394488037748,0 -0.2517019228662265,50.89379465455977,0 -0.25091019381139,50.89389691966222,0 -0.2508778923768329,50.89384859199402,0 -0.2505784130154232,50.89392027693193,0 -0.2503107462335241,50.89405880928156,0 -0.2499221239275584,50.89413338090745,0 -0.2499386319911945,50.89422536382437,0 -0.250065345832724,50.89434674965246,0 -0.2502333967120662,50.89447716160714,0 -0.2503056266057624,50.89460803947183,0 -0.2504506567889653,50.89472083588849,0 -0.250569676446275,50.89462116648356,0 
							</coordinates>
						</LinearRing>
					</outerBoundaryIs>
				</Polygon>
			</Placemark>
			<Placemark id="40B519A5F963EC015937A">
				<name>Browns Meadow</name>
				<styleUrl>#msn_ylw-pushpin4</styleUrl>
				<Polygon>
					<tessellate>1</tessellate>
					<outerBoundaryIs>
						<LinearRing>
							<coordinates>
								-0.2510568244786482,50.89215917810179,0 -0.2508292847422655,50.89194343202666,0 -0.2507057645839339,50.89161759184945,0 -0.2506075033407218,50.89120451861338,0 -0.2505955425984152,50.89078290940666,0 -0.2506232268294029,50.89018298202535,0 -0.2506438344577366,50.88995342767609,0 -0.2506614466168178,50.88962312882835,0 -0.2503148138483891,50.88944904411408,0 -0.2502651481510343,50.88971949513351,0 -0.2501440733456828,50.89005518287711,0 -0.2500356053600794,50.89042339530192,0 -0.2499436422727841,50.89058892738804,0 -0.2499166501411343,50.89082708918061,0 -0.2498441183424471,50.89102128647711,0 -0.2496698399354613,50.89122647093818,0 -0.2494687202067303,50.89146511824492,0 -0.2493771539484546,50.89163383538903,0 -0.2494671406244753,50.89176460751745,0 -0.249511712018371,50.89192318313973,0 -0.2494914700197137,50.89208422186558,0 -0.2494204170358572,50.89223214647874,0 -0.249299684027976,50.89247184009317,0 -0.2495536012385635,50.89247462116153,0 -0.2513133894938313,50.89240538139642,0 -0.2510568244786482,50.89215917810179,0 
							</coordinates>
						</LinearRing>
					</outerBoundaryIs>
				</Polygon>
			</Placemark>
			<Placemark id="417631F44E73EC015937A">
				<name>Nine Acre</name>
				<styleUrl>#msn_ylw-pushpin4</styleUrl>
				<Polygon>
					<tessellate>1</tessellate>
					<outerBoundaryIs>
						<LinearRing>
							<coordinates>
								-0.2565622119638722,50.89839265702572,0 -0.2569609476269996,50.8976053135877,0 -0.2572226576720849,50.89766164240345,0 -0.2574287425986088,50.89717026552703,0 -0.2568529330979186,50.89700596482507,0 -0.2546601203305832,50.89652474362525,0 -0.254652612334898,50.89680236187144,0 -0.2546046703664329,50.89707183115221,0 -0.2545221370637607,50.89749762561919,0 -0.2543201362539316,50.89812298014896,0 -0.2565622119638722,50.89839265702572,0 
							</coordinates>
						</LinearRing>
					</outerBoundaryIs>
				</Polygon>
			</Placemark>
			<Placemark id="42FFFF9DFAA3EC015937A">
				<name>Wood Field</name>
				<styleUrl>#msn_ylw-pushpin4</styleUrl>
				<Polygon>
					<tessellate>1</tessellate>
					<outerBoundaryIs>
						<LinearRing>
							<coordinates>
								-0.2568302794057165,50.89876071323113,0 -0.2527040535223346,50.8982126077155,0 -0.2524604443423362,50.89898795193084,0 -0.2564679832144789,50.89982166928087,0 -0.2568302794057165,50.89876071323113,0 
							</coordinates>
						</LinearRing>
					</outerBoundaryIs>
				</Polygon>
			</Placemark>
			<Placemark id="4333D968A0E3EC015937A">
				<name>Airstrip 18</name>
				<styleUrl>#msn_ylw-pushpin0</styleUrl>
				<Polygon>
					<tessellate>1</tessellate>
					<outerBoundaryIs>
						<LinearRing>
							<coordinates>
								-0.2569199946489609,50.89850208467526,0 -0.2542060079045905,50.89818566826298,0 -0.2524675162825096,50.89797191386064,0 -0.2505209737412661,50.89771881525455,0 -0.2499262150998793,50.89763990759269,0 -0.2498650188973539,50.89781141522524,0 -0.2524215371812633,50.8981696620053,0 -0.2568337197955495,50.8987588938521,0 -0.2569199946489609,50.89850208467526,0 
							</coordinates>
						</LinearRing>
					</outerBoundaryIs>
				</Polygon>
			</Placemark>
			<Placemark id="44B4CE60F273EC015937A">
				<name>North Flacketts</name>
				<styleUrl>#msn_ylw-pushpin4</styleUrl>
				<Polygon>
					<tessellate>1</tessellate>
					<outerBoundaryIs>
						<LinearRing>
							<coordinates>
								-0.2574312264143719,50.89765605490247,0 -0.2568292052861931,50.89932818052581,0 -0.2576096524349103,50.89941056412024,0 -0.2583421656616658,50.89951032002903,0 -0.2593003373193026,50.89960309594159,0 -0.2593658884961492,50.89904142536766,0 -0.2594852164853989,50.89841615342177,0 -0.259527326676543,50.89828790777278,0 -0.2574312264143719,50.89765605490247,0 
							</coordinates>
						</LinearRing>
					</outerBoundaryIs>
				</Polygon>
			</Placemark>
			<Placemark id="456E6275E753EC015937A">
				<name>West Sands</name>
				<styleUrl>#msn_ylw-pushpin4</styleUrl>
				<Polygon>
					<tessellate>1</tessellate>
					<outerBoundaryIs>
						<LinearRing>
							<coordinates>
								-0.2565094063569251,50.90027248047954,0 -0.2566375832800205,50.90029942440216,0 -0.2565621773843829,50.90047565505923,0 -0.2574612237676033,50.90063685300534,0 -0.257482322479291,50.90059018815144,0 -0.2590310419474606,50.90079649654925,0 -0.2592445767090135,50.89969808195005,0 -0.2568181126791802,50.89941122375593,0 -0.2565094063569251,50.90027248047954,0 
							</coordinates>
						</LinearRing>
					</outerBoundaryIs>
				</Polygon>
			</Placemark>
			<Placemark id="46E011AA4543EC015937A">
				<name>Banky Sands</name>
				<styleUrl>#msn_ylw-pushpin4</styleUrl>
				<Polygon>
					<tessellate>1</tessellate>
					<outerBoundaryIs>
						<LinearRing>
							<coordinates>
								-0.2574939258318698,50.9005943022671,0 -0.2573882718121068,50.90082894446262,0 -0.2570766794340873,50.90156574341659,0 -0.2569946693441982,50.90154386201313,0 -0.2568912107754362,50.90162988133362,0 -0.2563981996779297,50.90153290929451,0 -0.2562915733164495,50.90172964204689,0 -0.2554491915907753,50.9015945409109,0 -0.2547379867178412,50.90151604346097,0 -0.2544146469696151,50.90297196309208,0 -0.2544463798746788,50.90298406939138,0 -0.2545481092950064,50.90300275309531,0 -0.2549668445789433,50.90298581854416,0 -0.2552342631102023,50.90297494954783,0 -0.2555067263841848,50.90293178906538,0 -0.2557455425189725,50.90290512156577,0 -0.2560095684725028,50.90289845271625,0 -0.2564169838789643,50.90291018685122,0 -0.2566497636986842,50.90292080399054,0 -0.2569814965730943,50.90292819203124,0 -0.2572328393280432,50.9028834713683,0 -0.2575800734021072,50.90287374903113,0 -0.2579844933740083,50.90287701990702,0 -0.2588277868888567,50.90287804854359,0 -0.2589050273683091,50.90227395093248,0 -0.2588981006253999,50.90177872766723,0 -0.2589846536374474,50.90094881687325,0 -0.2590688324905455,50.90095450707056,0 -0.259097498779608,50.90080796828539,0 -0.2574939258318698,50.9005943022671,0 
							</coordinates>
						</LinearRing>
					</outerBoundaryIs>
				</Polygon>
			</Placemark>
			<Placemark id="47211C2EE533EC015937A">
				<name>North East Sands</name>
				<styleUrl>#msn_ylw-pushpin4</styleUrl>
				<Polygon>
					<tessellate>1</tessellate>
					<outerBoundaryIs>
						<LinearRing>
							<coordinates>
								-0.2546348791378172,50.90120153883066,0 -0.2544056525660932,50.90115047162036,0 -0.2544427975568964,50.90108860084733,0 -0.2540256584491507,50.90100892285605,0 -0.2516968969648015,50.90051715928422,0 -0.2508074805544802,50.90102480504364,0 -0.2509624245366149,50.90129922358868,0 -0.2512306103226336,50.9018310704086,0 -0.2513331893391946,50.90224517940262,0 -0.2514539807983496,50.90240002207887,0 -0.2516251291466631,50.90258962808714,0 -0.2523129357270137,50.90282367735252,0 -0.2527469874312327,50.90290663576635,0 -0.2531632761582825,50.90297977636263,0 -0.2534267115655808,50.90299845093189,0 -0.2538035230769042,50.90303844386874,0 -0.2542312546336079,50.90299090325448,0 -0.2546348791378172,50.90120153883066,0 
							</coordinates>
						</LinearRing>
					</outerBoundaryIs>
				</Polygon>
			</Placemark>
			<Placemark id="483C6BBD0703EC015937A">
				<name>The Sands</name>
				<styleUrl>#msn_ylw-pushpin4</styleUrl>
				<Polygon>
					<tessellate>1</tessellate>
					<outerBoundaryIs>
						<LinearRing>
							<coordinates>
								-0.2564227412881037,50.89992343359835,0 -0.2563412166374834,50.89987123664862,0 -0.2525233456577725,50.89908782974359,0 -0.252140065778218,50.89981103849525,0 -0.2517914705973567,50.9004696060142,0 -0.2528186980670422,50.90069448529313,0 -0.2531750156463342,50.90076964126949,0 -0.2540578589998266,50.90093166886319,0 -0.2544861317892688,50.90100920785427,0 -0.2554560018296381,50.90112168047072,0 -0.2558797143310432,50.90094682245395,0 -0.2559932144546628,50.90061123858802,0 -0.2561676033643856,50.90064318742994,0 -0.2564227412881037,50.89992343359835,0 
							</coordinates>
						</LinearRing>
					</outerBoundaryIs>
				</Polygon>
			</Placemark>
			<Placemark id="49AE0C422B03EC015937A">
				<name>Williams</name>
				<styleUrl>#msn_ylw-pushpin4</styleUrl>
				<Polygon>
					<tessellate>1</tessellate>
					<outerBoundaryIs>
						<LinearRing>
							<coordinates>
								-0.2493243630400299,50.89202139327917,0 -0.249162493615176,50.89188630552811,0 -0.2490348350928329,50.89174478523658,0 -0.24910312920297,50.89162808188598,0 -0.249227626529428,50.8914240736589,0 -0.2493017968918498,50.89127592472783,0 -0.2495667884969088,50.89110007163868,0 -0.2496839996413491,50.89086888794355,0 -0.2496817727019862,50.89059520755546,0 -0.2496226226399179,50.89059289390532,0 -0.247461699646484,50.89047912554123,0 -0.2466318725924221,50.89042818144388,0 -0.2465995457791959,50.89070627409334,0 -0.2465070352723608,50.8911829453701,0 -0.2464703391066647,50.89162710888476,0 -0.2465446671039817,50.89216152096062,0 -0.2480390294446122,50.89224059128724,0 -0.2488165046735691,50.8923002415763,0 -0.2492648308952361,50.89230349108217,0 -0.2493243630400299,50.89202139327917,0 
							</coordinates>
						</LinearRing>
					</outerBoundaryIs>
				</Polygon>
			</Placemark>
			<Placemark id="4ADA02135743EC015937A">
				<name>West Meadow</name>
				<styleUrl>#msn_ylw-pushpin4</styleUrl>
				<Polygon>
					<tessellate>1</tessellate>
					<outerBoundaryIs>
						<LinearRing>
							<coordinates>
								-0.2585671573004555,50.90341493305794,0 -0.258347774244474,50.90336826802999,0 -0.2582799319929574,50.90328961779485,0 -0.2582414609883554,50.90322723227139,0 -0.2580457608899489,50.90320849565478,0 -0.257679294442501,50.90319117779683,0 -0.2575401538947375,50.90316307230554,0 -0.2573001586419865,50.90315455207328,0 -0.2570970722983545,50.90316225755097,0 -0.2569677466261933,50.90314079211813,0 -0.2567906243328411,50.90313615818143,0 -0.2566784606881689,50.90314687768618,0 -0.2565491374954343,50.903112020387,0 -0.2564085828205154,50.90309637541824,0 -0.2562526847408297,50.90309921729062,0 -0.256063285538648,50.90312965769115,0 -0.2558841871887974,50.90314646264067,0 -0.2556493403967441,50.9031634247781,0 -0.2554093173032934,50.90316566046496,0 -0.2551604210752156,50.90317442705747,0 -0.2548128520652426,50.90321980139251,0 -0.2543106298845599,50.90328864436821,0 -0.2543249974136463,50.90374503901829,0 -0.2545974901502912,50.90378083733887,0 -0.2549307666963319,50.90376858984245,0 -0.2552541594715407,50.90375469142086,0 -0.2555433943715113,50.9037522940622,0 -0.255813707133945,50.90368907810303,0 -0.2559413905919117,50.90364381205611,0 -0.2561469703443831,50.90369040470002,0 -0.2563547490904516,50.90364936221467,0 -0.2566288193001287,50.90367838339572,0 -0.2569448233274541,50.90366606268349,0 -0.2572285268887675,50.9036556163954,0 -0.257391194588128,50.90369724274368,0 -0.2575979591714228,50.90374615825099,0 -0.2579814718725393,50.90376711143363,0 -0.2581155330182439,50.90370479029575,0 -0.2582941606569045,50.9036108502121,0 -0.2585080549463747,50.90360340801881,0 -0.25872818073707,50.9036151028499,0 -0.2585671573004555,50.90341493305794,0 
							</coordinates>
						</LinearRing>
					</outerBoundaryIs>
				</Polygon>
			</Placemark>
			<Placemark id="4BE414A9CD93EC015937A">
				<name>East Meadow</name>
				<styleUrl>#msn_ylw-pushpin</styleUrl>
				<Polygon>
					<tessellate>1</tessellate>
					<outerBoundaryIs>
						<LinearRing>
							<coordinates>
								-0.2542325812204382,50.90320775438265,0 -0.2542171799725013,50.90309669021065,0 -0.2538300249994607,50.90314968958758,0 -0.2536283391196636,50.90315807922887,0 -0.2531999602082902,50.90306874143933,0 -0.2527932334349192,50.90299581207729,0 -0.2523439857007259,50.90292517056659,0 -0.2519771805153304,50.90278130079756,0 -0.2515504797483803,50.90264518601343,0 -0.2512187110622865,50.90250185394224,0 -0.2511702402259419,50.90224882274694,0 -0.2510746101685091,50.90199659306906,0 -0.2506836242762267,50.90109460140309,0 -0.250404767676935,50.9012385981859,0 -0.2507325221817513,50.90186473682778,0 -0.2508930067054016,50.90231925246326,0 -0.2508869337449871,50.90260537925987,0 -0.2508323507195176,50.90288369050789,0 -0.2508840830216796,50.90298053795298,0 -0.250986212972486,50.9030779759692,0 -0.2511929403704161,50.90317554756778,0 -0.2516036491841944,50.90331496706449,0 -0.2520304446550092,50.90343520152901,0 -0.2523834006315551,50.90356230753237,0 -0.2528597143383315,50.90365111774155,0 -0.253275871395956,50.90371321389425,0 -0.253505964406131,50.90374762413749,0 -0.2537660152381893,50.9037723578486,0 -0.2539662282695332,50.90377990717593,0 -0.254270169381362,50.90375789866348,0 -0.2542382895559925,50.90331273777744,0 -0.2542325812204382,50.90320775438265,0 
							</coordinates>
						</LinearRing>
					</outerBoundaryIs>
				</Polygon>
			</Placemark>
			<Placemark id="4CF123FF5393EC015937A">
				<name>The lakes</name>
				<styleUrl>#msn_ylw-pushpin4</styleUrl>
				<Polygon>
					<tessellate>1</tessellate>
					<outerBoundaryIs>
						<LinearRing>
							<coordinates>
								-0.2542056302495832,50.90385960635133,0 -0.2540512566872299,50.90397120501648,0 -0.2540507157044314,50.90414123165789,0 -0.2540209416644079,50.90443466540916,0 -0.2539084150572857,50.90461240710385,0 -0.253633080171155,50.90485546773927,0 -0.2536287802772541,50.90501369410561,0 -0.2535556665367922,50.90517148699375,0 -0.2530847298154126,50.90549063372136,0 -0.2527388830552424,50.9056778638824,0 -0.2525142030192962,50.90579440124523,0 -0.2525911878598885,50.90601757864599,0 -0.2524828349098363,50.90619826019232,0 -0.2518560309099926,50.90648908615285,0 -0.2521872942378511,50.9067822112515,0 -0.2530979085249263,50.90621889341671,0 -0.2537896833994602,50.90581606491654,0 -0.2541319587258117,50.90562157840014,0 -0.2547856232883494,50.90516242176093,0 -0.2548123825864068,50.90511536930904,0 -0.2549461634801997,50.90459672418319,0 -0.2551922305024179,50.90389004233715,0 -0.2542056302495832,50.90385960635133,0 
							</coordinates>
						</LinearRing>
					</outerBoundaryIs>
				</Polygon>
			</Placemark>
			<Placemark id="4D474C671FC3EC015937A">
				<name>Sands Hil 14</name>
				<styleUrl>#msn_ylw-pushpin</styleUrl>
				<Polygon>
					<tessellate>1</tessellate>
					<outerBoundaryIs>
						<LinearRing>
							<coordinates>
								-0.2516900742311934,50.9005181547342,0 -0.2520201870516725,50.89981428754751,0 -0.251650151476891,50.89976213230714,0 -0.2508670240956379,50.8996420850105,0 -0.2506475502902683,50.89961391877156,0 -0.2500550274840585,50.89963585816519,0 -0.2496186801157707,50.8996426597429,0 -0.24970375974808,50.89989624915911,0 -0.249786817115184,50.90014815181759,0 -0.2498981446680404,50.90037654170985,0 -0.2502288430595312,50.90065749802464,0 -0.2504496628557995,50.90086542489706,0 -0.2508025829513572,50.90102563147681,0 -0.2516900742311934,50.9005181547342,0 
							</coordinates>
						</LinearRing>
					</outerBoundaryIs>
				</Polygon>
			</Placemark>
			<Placemark id="4E1A0FB73A03EC015937A">
				<name>Airstrip Meadow</name>
				<styleUrl>#msn_ylw-pushpin4</styleUrl>
				<Polygon>
					<tessellate>1</tessellate>
					<outerBoundaryIs>
						<LinearRing>
							<coordinates>
								-0.2507064335362075,50.89600427283872,0 -0.2503890987233304,50.89595664069764,0 -0.2501804736547597,50.89629479144242,0 -0.2498482933168933,50.89758462377279,0 -0.2505472526768338,50.89767776823333,0 -0.2507064335362075,50.89600427283872,0 
							</coordinates>
						</LinearRing>
					</outerBoundaryIs>
				</Polygon>
			</Placemark>
			<Placemark id="4F1D6E7D95C3EC015937A">
				<name>West Lane</name>
				<styleUrl>#msn_ylw-pushpin4</styleUrl>
				<Polygon>
					<tessellate>1</tessellate>
					<outerBoundaryIs>
						<LinearRing>
							<coordinates>
								-0.2638723397799259,50.88984329863224,0 -0.2639827708181297,50.8882338536414,0 -0.2624534002867129,50.88690465276137,0 -0.2616781861178052,50.88701916869468,0 -0.2613605821529175,50.88707795266563,0 -0.2607068421999559,50.88718082067479,0 -0.2599839510704793,50.88769728409761,0 -0.2601412236799949,50.88806916657522,0 -0.2600162988528021,50.88831766633878,0 -0.2598692526096003,50.88851251097349,0 -0.2597450279143798,50.88875927729319,0 -0.2597668168750356,50.88900997083274,0 -0.2598239478325404,50.88926019615273,0 -0.2599714752721849,50.88960165649665,0 -0.2614654284824058,50.88965003474419,0 -0.2623062938697052,50.88977842092155,0 -0.263116632850432,50.88986116059831,0 -0.2638723397799259,50.88984329863224,0 
							</coordinates>
						</LinearRing>
					</outerBoundaryIs>
				</Polygon>
			</Placemark>
			<Placemark id="5053F3486323EC015937A">
				<name>Garden Paddock</name>
				<styleUrl>#msn_ylw-pushpin0</styleUrl>
				<Polygon>
					<tessellate>1</tessellate>
					<outerBoundaryIs>
						<LinearRing>
							<coordinates>
								-0.2607640611075679,50.89104195113095,0 -0.2609926291305464,50.89087627517262,0 -0.2610554164367906,50.89074628019786,0 -0.2608459626506254,50.89072857518909,0 -0.2607550160414718,50.89089254435692,0 -0.2598502664585589,50.89072053844534,0 -0.2602782135404202,50.8898041590724,0 -0.2598605552150457,50.88983387248874,0 -0.2595567854665504,50.88996440158256,0 -0.2590267502793497,50.89007927738664,0 -0.2586047875157893,50.89011907127139,0 -0.2576006983267753,50.89012406699856,0 -0.257564014013878,50.8909684338421,0 -0.2607640611075679,50.89104195113095,0 
							</coordinates>
						</LinearRing>
					</outerBoundaryIs>
				</Polygon>
			</Placemark>
			<Placemark id="5108B506B373EC015937A">
				<name>The Brooks</name>
				<styleUrl>#msn_ylw-pushpin</styleUrl>
				<Polygon>
					<tessellate>1</tessellate>
					<outerBoundaryIs>
						<LinearRing>
							<coordinates>
								-0.2498460940922809,50.90040024985672,0 -0.2496614146632814,50.90014956320731,0 -0.2494207512108249,50.89974722770109,0 -0.2491612949186839,50.89933579596691,0 -0.2490263142155991,50.89900151413667,0 -0.2493655357667179,50.89860823313176,0 -0.2488462764070176,50.89849767491591,0 -0.2486127477312505,50.89877853496626,0 -0.2484927344693222,50.8989519646863,0 -0.2484547380747015,50.89918505366492,0 -0.2485758469811949,50.89939635179145,0 -0.2488221300303295,50.89970454981911,0 -0.2491637595412699,50.90005139351581,0 -0.249301848306922,50.90023906165363,0 -0.2495478188240263,50.90051231745386,0 -0.2503958313330701,50.9012353512031,0 -0.2506801603151088,50.90109281648214,0 -0.2498460940922809,50.90040024985672,0 
							</coordinates>
						</LinearRing>
					</outerBoundaryIs>
				</Polygon>
			</Placemark>
		</Folder>
		<Folder id="52BCCC954AD3EC015937A">
			<name>Field Numbers</name>
			<Placemark id="534641C87473EC015937A">
				<name>1</name>
				<LookAt>
					<gx:TimeStamp><when>2019-10-06T09:37:44Z</when>
</gx:TimeStamp>
					<longitude>-0.2583248259814442</longitude>
					<latitude>50.89397991638842</latitude>
					<altitude>0</altitude>
					<heading>-0.006197019327052926</heading>
					<tilt>28.62950636289026</tilt>
					<range>1427.847532160838</range>
					<gx:altitudeMode>relativeToSeaFloor</gx:altitudeMode>
				</LookAt>
				<styleUrl>#m_ylw-pushpin28</styleUrl>
				<Point>
					<gx:drawOrder>1</gx:drawOrder>
					<coordinates>-0.2626356561201981,50.89124655914273,0</coordinates>
				</Point>
			</Placemark>
			<Placemark id="54684195EAC3EC015937A">
				<name>2</name>
				<LookAt>
					<gx:TimeStamp><when>2019-10-06T09:37:44Z</when>
</gx:TimeStamp>
					<longitude>-0.2583248259814442</longitude>
					<latitude>50.89397991638842</latitude>
					<altitude>0</altitude>
					<heading>-0.006197019327052926</heading>
					<tilt>28.62950636289026</tilt>
					<range>1427.847532160838</range>
					<gx:altitudeMode>relativeToSeaFloor</gx:altitudeMode>
				</LookAt>
				<styleUrl>#m_ylw-pushpin13</styleUrl>
				<Point>
					<gx:drawOrder>1</gx:drawOrder>
					<coordinates>-0.2629153953426144,50.89407534903387,0</coordinates>
				</Point>
			</Placemark>
			<Placemark id="55B6384BBBF3EC015937A">
				<name>3</name>
				<LookAt>
					<gx:TimeStamp><when>2019-10-06T09:37:44Z</when>
</gx:TimeStamp>
					<longitude>-0.2583248259814442</longitude>
					<latitude>50.89397991638842</latitude>
					<altitude>0</altitude>
					<heading>-0.006197019327052926</heading>
					<tilt>28.62950636289026</tilt>
					<range>1427.847532160838</range>
					<gx:altitudeMode>relativeToSeaFloor</gx:altitudeMode>
				</LookAt>
				<styleUrl>#m_ylw-pushpin12</styleUrl>
				<Point>
					<gx:drawOrder>1</gx:drawOrder>
					<coordinates>-0.2604373014108374,50.89298989067468,0</coordinates>
				</Point>
			</Placemark>
			<Placemark id="562419904933EC015937A">
				<name>4</name>
				<LookAt>
					<gx:TimeStamp><when>2019-10-06T09:37:44Z</when>
</gx:TimeStamp>
					<longitude>-0.2579433064653047</longitude>
					<latitude>50.89587796065975</latitude>
					<altitude>0</altitude>
					<heading>-0.005867355445109714</heading>
					<tilt>28.84985210745451</tilt>
					<range>1510.052268386589</range>
					<gx:altitudeMode>relativeToSeaFloor</gx:altitudeMode>
				</LookAt>
				<styleUrl>#m_ylw-pushpin14</styleUrl>
				<Point>
					<gx:drawOrder>1</gx:drawOrder>
					<coordinates>-0.2602241922256188,50.89564174536145,0</coordinates>
				</Point>
			</Placemark>
			<Placemark id="574B067A58F3EC015937A">
				<name>5</name>
				<LookAt>
					<gx:TimeStamp><when>2019-10-06T09:37:44Z</when>
</gx:TimeStamp>
					<longitude>-0.2579433064653047</longitude>
					<latitude>50.89587796065975</latitude>
					<altitude>0</altitude>
					<heading>-0.005867355445109714</heading>
					<tilt>28.84985210745451</tilt>
					<range>1510.052268386589</range>
					<gx:altitudeMode>relativeToSeaFloor</gx:altitudeMode>
				</LookAt>
				<styleUrl>#m_ylw-pushpin10</styleUrl>
				<Point>
					<gx:drawOrder>1</gx:drawOrder>
					<coordinates>-0.2587300948472004,50.89728781937282,0</coordinates>
				</Point>
			</Placemark>
			<Placemark id="58E34FACC1D3EC015937A">
				<name>6</name>
				<LookAt>
					<gx:TimeStamp><when>2019-10-06T09:37:44Z</when>
</gx:TimeStamp>
					<longitude>-0.2576607853999424</longitude>
					<latitude>50.8981461506879</latitude>
					<altitude>0</altitude>
					<heading>-0.00565842978407506</heading>
					<tilt>26.09968511417028</tilt>
					<range>704.6800147133706</range>
					<gx:altitudeMode>relativeToSeaFloor</gx:altitudeMode>
				</LookAt>
				<styleUrl>#m_ylw-pushpin48</styleUrl>
				<Point>
					<gx:drawOrder>1</gx:drawOrder>
					<coordinates>-0.2583117731792051,50.89863182123138,0</coordinates>
				</Point>
			</Placemark>
			<Placemark id="59E4D4453EA3EC015937A">
				<name>7</name>
				<LookAt>
					<gx:TimeStamp><when>2019-10-06T09:37:44Z</when>
</gx:TimeStamp>
					<longitude>-0.2576046807287236</longitude>
					<latitude>50.89927357651869</latitude>
					<altitude>0</altitude>
					<heading>-0.006317368053279958</heading>
					<tilt>22.63984905616039</tilt>
					<range>510.0571747568614</range>
					<gx:altitudeMode>relativeToSeaFloor</gx:altitudeMode>
				</LookAt>
				<styleUrl>#m_ylw-pushpin30</styleUrl>
				<Point>
					<gx:drawOrder>1</gx:drawOrder>
					<coordinates>-0.258033451773293,50.90013498470299,0</coordinates>
				</Point>
			</Placemark>
			<Placemark id="5A93D25AEFB3EC015937A">
				<name>8</name>
				<LookAt>
					<gx:TimeStamp><when>2019-10-06T09:37:44Z</when>
</gx:TimeStamp>
					<longitude>-0.2571807828970374</longitude>
					<latitude>50.90117948179113</latitude>
					<altitude>0</altitude>
					<heading>-0.006755515443061249</heading>
					<tilt>19.68836275437359</tilt>
					<range>491.4676915262475</range>
					<gx:altitudeMode>relativeToSeaFloor</gx:altitudeMode>
				</LookAt>
				<styleUrl>#m_ylw-pushpin8</styleUrl>
				<Point>
					<gx:drawOrder>1</gx:drawOrder>
					<coordinates>-0.2569914636057835,50.90207881374702,0</coordinates>
				</Point>
			</Placemark>
			<Placemark id="5B45BDE2C243EC015937A">
				<name>9</name>
				<LookAt>
					<gx:TimeStamp><when>2019-10-06T09:37:44Z</when>
</gx:TimeStamp>
					<longitude>-0.256205980278762</longitude>
					<latitude>50.90348017883372</latitude>
					<altitude>0</altitude>
					<heading>-0.005059434290418155</heading>
					<tilt>23.94807665810713</tilt>
					<range>551.3402641339663</range>
					<gx:altitudeMode>relativeToSeaFloor</gx:altitudeMode>
				</LookAt>
				<styleUrl>#m_ylw-pushpin38</styleUrl>
				<Point>
					<gx:drawOrder>1</gx:drawOrder>
					<coordinates>-0.2565859801225034,50.9032984909258,0</coordinates>
				</Point>
			</Placemark>
			<Placemark id="5C3F83A38B93EC015937A">
				<name>10</name>
				<LookAt>
					<gx:TimeStamp><when>2019-10-06T09:37:44Z</when>
</gx:TimeStamp>
					<longitude>-0.2547732948483306</longitude>
					<latitude>50.90472314004204</latitude>
					<altitude>0</altitude>
					<heading>-0.001618563358361034</heading>
					<tilt>25.27098594123883</tilt>
					<range>492.507659288875</range>
					<gx:altitudeMode>relativeToSeaFloor</gx:altitudeMode>
				</LookAt>
				<styleUrl>#m_ylw-pushpin4</styleUrl>
				<Point>
					<gx:drawOrder>1</gx:drawOrder>
					<coordinates>-0.2540460676486211,50.90523312462901,0</coordinates>
				</Point>
			</Placemark>
			<Placemark id="5D4CE64161B3EC015937A">
				<name>11</name>
				<LookAt>
					<gx:TimeStamp><when>2019-10-06T09:37:44Z</when>
</gx:TimeStamp>
					<longitude>-0.2524418871977452</longitude>
					<latitude>50.9036343925951</latitude>
					<altitude>0</altitude>
					<heading>-0.001754962074885847</heading>
					<tilt>27.71997518769266</tilt>
					<range>911.7359632852995</range>
					<gx:altitudeMode>relativeToSeaFloor</gx:altitudeMode>
				</LookAt>
				<styleUrl>#m_ylw-pushpin51</styleUrl>
				<Point>
					<gx:drawOrder>1</gx:drawOrder>
					<coordinates>-0.2524610355109902,50.90316660677934,0</coordinates>
				</Point>
			</Placemark>
			<Placemark id="5EDA2BB64D63EC015937A">
				<name>12</name>
				<LookAt>
					<gx:TimeStamp><when>2019-10-06T09:37:44Z</when>
</gx:TimeStamp>
					<longitude>-0.2524735741373874</longitude>
					<latitude>50.90197661418574</latitude>
					<altitude>0</altitude>
					<heading>-0.001621756913955648</heading>
					<tilt>30.00377564559191</tilt>
					<range>840.6189779490221</range>
					<gx:altitudeMode>relativeToSeaFloor</gx:altitudeMode>
				</LookAt>
				<styleUrl>#m_ylw-pushpin32</styleUrl>
				<Point>
					<gx:drawOrder>1</gx:drawOrder>
					<coordinates>-0.2527790811231068,50.90188646747932,0</coordinates>
				</Point>
			</Placemark>
			<Placemark id="5FE0CFE12483EC015937A">
				<name>13</name>
				<LookAt>
					<gx:TimeStamp><when>2019-10-06T09:37:44Z</when>
</gx:TimeStamp>
					<longitude>-0.2513424804499653</longitude>
					<latitude>50.90082454500497</latitude>
					<altitude>0</altitude>
					<heading>-0.0007440343265708216</heading>
					<tilt>30.00168876895605</tilt>
					<range>375.9895609613864</range>
					<gx:altitudeMode>relativeToSeaFloor</gx:altitudeMode>
				</LookAt>
				<styleUrl>#m_ylw-pushpin49</styleUrl>
				<Point>
					<gx:drawOrder>1</gx:drawOrder>
					<coordinates>-0.2508421686241968,50.90015951272578,0</coordinates>
				</Point>
			</Placemark>
			<Placemark id="60120B5C8DB3EC015937A">
				<name>14</name>
				<LookAt>
					<gx:TimeStamp><when>2019-10-06T09:37:44Z</when>
</gx:TimeStamp>
					<longitude>-0.2542385649592926</longitude>
					<latitude>50.90068140113546</latitude>
					<altitude>0</altitude>
					<heading>-0.002991488813861091</heading>
					<tilt>30.00303423018633</tilt>
					<range>675.5454966166581</range>
					<gx:altitudeMode>relativeToSeaFloor</gx:altitudeMode>
				</LookAt>
				<styleUrl>#m_ylw-pushpin6</styleUrl>
				<Point>
					<gx:drawOrder>1</gx:drawOrder>
					<coordinates>-0.2541354532647999,50.89998612499322,0</coordinates>
				</Point>
			</Placemark>
			<Placemark id="61FB126471F3EC015937A">
				<name>15</name>
				<LookAt>
					<gx:TimeStamp><when>2019-10-06T09:37:44Z</when>
</gx:TimeStamp>
					<longitude>-0.2539768181474178</longitude>
					<latitude>50.89961842536262</latitude>
					<altitude>0</altitude>
					<heading>-0.002788423082330747</heading>
					<tilt>30.00454916582589</tilt>
					<range>1012.828615351617</range>
					<gx:altitudeMode>relativeToSeaFloor</gx:altitudeMode>
				</LookAt>
				<styleUrl>#m_ylw-pushpin1</styleUrl>
				<Point>
					<gx:drawOrder>1</gx:drawOrder>
					<coordinates>-0.254762937213141,50.8991366875989,0</coordinates>
				</Point>
			</Placemark>
			<Placemark id="62E25F501893EC015937A">
				<name>16</name>
				<LookAt>
					<gx:TimeStamp><when>2019-10-06T09:37:44Z</when>
</gx:TimeStamp>
					<longitude>-0.2541618037685189</longitude>
					<latitude>50.89896173572605</latitude>
					<altitude>0</altitude>
					<heading>-0.002931970852371259</heading>
					<tilt>30.00321194640832</tilt>
					<range>715.1054432417326</range>
					<gx:altitudeMode>relativeToSeaFloor</gx:altitudeMode>
				</LookAt>
				<styleUrl>#m_ylw-pushpin55</styleUrl>
				<Point>
					<gx:drawOrder>1</gx:drawOrder>
					<coordinates>-0.2540092805018224,50.89824501009862,0</coordinates>
				</Point>
			</Placemark>
			<Placemark id="6368C8BBFE93EC015937A">
				<name>17</name>
				<LookAt>
					<gx:TimeStamp><when>2019-10-06T09:37:44Z</when>
</gx:TimeStamp>
					<longitude>-0.2541452534472455</longitude>
					<latitude>50.89834082685827</latitude>
					<altitude>0</altitude>
					<heading>-0.002919075079712912</heading>
					<tilt>30.00357912774372</tilt>
					<range>796.8691852062518</range>
					<gx:altitudeMode>relativeToSeaFloor</gx:altitudeMode>
				</LookAt>
				<styleUrl>#m_ylw-pushpin33</styleUrl>
				<Point>
					<gx:drawOrder>1</gx:drawOrder>
					<coordinates>-0.2555758533215191,50.89747023488974,0</coordinates>
				</Point>
			</Placemark>
			<Placemark id="64AC597848C3EC015937A">
				<name>18</name>
				<LookAt>
					<gx:TimeStamp><when>2019-10-06T09:37:44Z</when>
</gx:TimeStamp>
					<longitude>-0.2552910061060443</longitude>
					<latitude>50.89678898540036</latitude>
					<altitude>0</altitude>
					<heading>-0.003808123556815431</heading>
					<tilt>30.00424660795332</tilt>
					<range>945.4695954081554</range>
					<gx:altitudeMode>relativeToSeaFloor</gx:altitudeMode>
				</LookAt>
				<styleUrl>#m_ylw-pushpin40</styleUrl>
				<Point>
					<gx:drawOrder>1</gx:drawOrder>
					<coordinates>-0.2565204108026797,50.89573349040046,0</coordinates>
				</Point>
			</Placemark>
			<Placemark id="657840495513EC015937A">
				<name>19</name>
				<LookAt>
					<gx:TimeStamp><when>2019-10-06T09:37:44Z</when>
</gx:TimeStamp>
					<longitude>-0.2552364689901609</longitude>
					<latitude>50.8948082871154</latitude>
					<altitude>0</altitude>
					<heading>-0.00376576528204471</heading>
					<tilt>30.00591822894583</tilt>
					<range>1317.637410896626</range>
					<gx:altitudeMode>relativeToSeaFloor</gx:altitudeMode>
				</LookAt>
				<styleUrl>#m_ylw-pushpin47</styleUrl>
				<Point>
					<gx:drawOrder>1</gx:drawOrder>
					<coordinates>-0.2563503847079762,50.89335960491888,0</coordinates>
				</Point>
			</Placemark>
			<Placemark id="6630D7621B83EC015937A">
				<name>20</name>
				<LookAt>
					<gx:TimeStamp><when>2019-10-06T09:37:44Z</when>
</gx:TimeStamp>
					<longitude>-0.2556180325554247</longitude>
					<latitude>50.89378721058178</latitude>
					<altitude>0</altitude>
					<heading>-0.004061802890954674</heading>
					<tilt>30.00637280862875</tilt>
					<range>1418.846704145371</range>
					<gx:altitudeMode>relativeToSeaFloor</gx:altitudeMode>
				</LookAt>
				<styleUrl>#m_ylw-pushpin59</styleUrl>
				<Point>
					<gx:drawOrder>1</gx:drawOrder>
					<coordinates>-0.2550592389881967,50.89133775353099,0</coordinates>
				</Point>
			</Placemark>
			<Placemark id="67C5D71B4BC3EC015937A">
				<name>21</name>
				<LookAt>
					<gx:TimeStamp><when>2019-10-06T09:37:44Z</when>
</gx:TimeStamp>
					<longitude>-0.2585857594657437</longitude>
					<latitude>50.89179495117998</latitude>
					<altitude>0</altitude>
					<heading>-0.006313885841286815</heading>
					<tilt>30.28378932294996</tilt>
					<range>574.0289920163265</range>
					<gx:altitudeMode>relativeToSeaFloor</gx:altitudeMode>
				</LookAt>
				<styleUrl>#m_ylw-pushpin27</styleUrl>
				<Point>
					<gx:drawOrder>1</gx:drawOrder>
					<coordinates>-0.2599912703755913,50.89118378157282,0</coordinates>
				</Point>
			</Placemark>
			<Placemark id="68452B8609A3EC015937A">
				<name>22</name>
				<LookAt>
					<gx:TimeStamp><when>2019-10-06T09:37:44Z</when>
</gx:TimeStamp>
					<longitude>-0.2586322295431598</longitude>
					<latitude>50.89168424713747</latitude>
					<altitude>0</altitude>
					<heading>-0.006349951400546416</heading>
					<tilt>30.28431256366303</tilt>
					<range>689.5276913062423</range>
					<gx:altitudeMode>relativeToSeaFloor</gx:altitudeMode>
				</LookAt>
				<styleUrl>#m_ylw-pushpin35</styleUrl>
				<Point>
					<gx:drawOrder>1</gx:drawOrder>
					<coordinates>-0.2589815217260871,50.89057614727732,0</coordinates>
				</Point>
			</Placemark>
			<Placemark id="69C0A9A11CD3EC015937A">
				<name>23</name>
				<LookAt>
					<gx:TimeStamp><when>2019-10-06T09:37:44Z</when>
</gx:TimeStamp>
					<longitude>-0.2613688188658092</longitude>
					<latitude>50.89055639603616</latitude>
					<altitude>0</altitude>
					<heading>-0.008121904716959298</heading>
					<tilt>31.84834956384529</tilt>
					<range>1085.928918423478</range>
					<gx:altitudeMode>relativeToSeaFloor</gx:altitudeMode>
				</LookAt>
				<styleUrl>#m_ylw-pushpin56</styleUrl>
				<Point>
					<gx:drawOrder>1</gx:drawOrder>
					<coordinates>-0.2619615977191725,50.88820410505944,0</coordinates>
				</Point>
			</Placemark>
			<Placemark id="6A3A922E8723EC015937A">
				<name>24</name>
				<LookAt>
					<gx:TimeStamp><when>2019-10-06T09:37:44Z</when>
</gx:TimeStamp>
					<longitude>-0.2613071214612039</longitude>
					<latitude>50.88992301485715</latitude>
					<altitude>0</altitude>
					<heading>-0.0074196826403272</heading>
					<tilt>35.1488029505444</tilt>
					<range>1641.462916657783</range>
					<gx:altitudeMode>relativeToSeaFloor</gx:altitudeMode>
				</LookAt>
				<styleUrl>#m_ylw-pushpin5</styleUrl>
				<Point>
					<gx:drawOrder>1</gx:drawOrder>
					<coordinates>-0.2611046258268734,50.88599087711435,0</coordinates>
				</Point>
			</Placemark>
			<Placemark id="6B0F65FA9CD3EC015937A">
				<name>25</name>
				<LookAt>
					<gx:TimeStamp><when>2019-10-06T09:37:44Z</when>
</gx:TimeStamp>
					<longitude>-0.257587645341113</longitude>
					<latitude>50.88999329119856</latitude>
					<altitude>0</altitude>
					<heading>-0.004012973008384386</heading>
					<tilt>39.82434485399995</tilt>
					<range>1187.057116067917</range>
					<gx:altitudeMode>relativeToSeaFloor</gx:altitudeMode>
				</LookAt>
				<styleUrl>#m_ylw-pushpin62</styleUrl>
				<Point>
					<gx:drawOrder>1</gx:drawOrder>
					<coordinates>-0.2550518375650324,50.8889403071358,0</coordinates>
				</Point>
			</Placemark>
			<Placemark id="6CBBF25CB253EC015937A">
				<name>26</name>
				<LookAt>
					<gx:TimeStamp><when>2019-10-06T09:37:44Z</when>
</gx:TimeStamp>
					<longitude>-0.2526689498337586</longitude>
					<latitude>50.89165298428223</latitude>
					<altitude>0</altitude>
					<heading>-8.369802144296235e-05</heading>
					<tilt>37.88762183353716</tilt>
					<range>823.7195049333387</range>
					<gx:altitudeMode>relativeToSeaFloor</gx:altitudeMode>
				</LookAt>
				<styleUrl>#m_ylw-pushpin34</styleUrl>
				<Point>
					<gx:drawOrder>1</gx:drawOrder>
					<coordinates>-0.2502153861824885,50.89107300638977,0</coordinates>
				</Point>
			</Placemark>
			<Placemark id="6DE0139E4803EC015937A">
				<name>27</name>
				<LookAt>
					<gx:TimeStamp><when>2019-10-06T09:37:44Z</when>
</gx:TimeStamp>
					<longitude>-0.2524749391120706</longitude>
					<latitude>50.89389651387414</latitude>
					<altitude>0</altitude>
					<heading>0.0003826951081867508</heading>
					<tilt>28.48659835873642</tilt>
					<range>609.2829427611657</range>
					<gx:altitudeMode>relativeToSeaFloor</gx:altitudeMode>
				</LookAt>
				<styleUrl>#m_ylw-pushpin57</styleUrl>
				<Point>
					<gx:drawOrder>1</gx:drawOrder>
					<coordinates>-0.2506500098435993,50.89423877438853,0</coordinates>
				</Point>
			</Placemark>
			<Placemark id="6E3034D22EE3EC015937A">
				<name>28</name>
				<LookAt>
					<gx:TimeStamp><when>2019-10-06T09:37:44Z</when>
</gx:TimeStamp>
					<longitude>-0.2524749391120706</longitude>
					<latitude>50.89389651387414</latitude>
					<altitude>0</altitude>
					<heading>0.0003826951081867508</heading>
					<tilt>28.48659835873642</tilt>
					<range>609.2829427611657</range>
					<gx:altitudeMode>relativeToSeaFloor</gx:altitudeMode>
				</LookAt>
				<styleUrl>#m_ylw-pushpin0</styleUrl>
				<Point>
					<gx:drawOrder>1</gx:drawOrder>
					<coordinates>-0.2527996599436044,50.8947612608595,0</coordinates>
				</Point>
			</Placemark>
			<Placemark id="6FC40CFCB183EC015937A">
				<name>29</name>
				<LookAt>
					<gx:TimeStamp><when>2019-10-06T09:37:44Z</when>
</gx:TimeStamp>
					<longitude>-0.2507922719042011</longitude>
					<latitude>50.89720670056233</latitude>
					<altitude>0</altitude>
					<heading>0.001755064365938837</heading>
					<tilt>27.18916084219643</tilt>
					<range>887.9647811082164</range>
					<gx:altitudeMode>relativeToSeaFloor</gx:altitudeMode>
				</LookAt>
				<styleUrl>#m_ylw-pushpin11</styleUrl>
				<Point>
					<gx:drawOrder>1</gx:drawOrder>
					<coordinates>-0.2503117612992156,50.89710283337315,0</coordinates>
				</Point>
			</Placemark>
			<Placemark id="709C7581B703EC015937A">
				<name>30</name>
				<LookAt>
					<gx:TimeStamp><when>2019-10-06T09:37:44Z</when>
</gx:TimeStamp>
					<longitude>-0.2505032416658881</longitude>
					<latitude>50.89837724766865</latitude>
					<altitude>0</altitude>
					<heading>0.00211395502791451</heading>
					<tilt>25.91082626235498</tilt>
					<range>815.2136347579576</range>
					<gx:altitudeMode>relativeToSeaFloor</gx:altitudeMode>
				</LookAt>
				<styleUrl>#m_ylw-pushpin37</styleUrl>
				<Point>
					<gx:drawOrder>1</gx:drawOrder>
					<coordinates>-0.2490044381154777,50.89947559942037,0</coordinates>
				</Point>
			</Placemark>
			<Placemark id="719309034283EC015937A">
				<name>31</name>
				<LookAt>
					<gx:TimeStamp><when>2019-10-06T09:37:44Z</when>
</gx:TimeStamp>
					<longitude>-0.2513525733040978</longitude>
					<latitude>50.89892959539586</latitude>
					<altitude>0</altitude>
					<heading>0.001442154381820762</heading>
					<tilt>26.0279683167861</tilt>
					<range>753.7366383366267</range>
					<gx:altitudeMode>relativeToSeaFloor</gx:altitudeMode>
				</LookAt>
				<styleUrl>#m_ylw-pushpin3</styleUrl>
				<Point>
					<gx:drawOrder>1</gx:drawOrder>
					<coordinates>-0.2511974302124043,50.89903678637736,0</coordinates>
				</Point>
			</Placemark>
			<Placemark id="72E5DB863E43EC015937A">
				<name>32</name>
				<LookAt>
					<gx:TimeStamp><when>2019-10-06T09:37:44Z</when>
</gx:TimeStamp>
					<longitude>-0.251884779582715</longitude>
					<latitude>50.89576132752808</latitude>
					<altitude>0</altitude>
					<heading>0.001043397766409296</heading>
					<tilt>25.78534732798425</tilt>
					<range>774.3609932566092</range>
					<gx:altitudeMode>relativeToSeaFloor</gx:altitudeMode>
				</LookAt>
				<styleUrl>#m_ylw-pushpin43</styleUrl>
				<Point>
					<gx:drawOrder>1</gx:drawOrder>
					<coordinates>-0.2524162709979338,50.89666060166397,0</coordinates>
				</Point>
			</Placemark>
			<Placemark id="73E8D4371193EC015937A">
				<name>33</name>
				<LookAt>
					<gx:TimeStamp><when>2019-10-06T09:37:44Z</when>
</gx:TimeStamp>
					<longitude>-0.2528711069651735</longitude>
					<latitude>50.8914727578471</latitude>
					<altitude>0</altitude>
					<heading>-0.000212384717557544</heading>
					<tilt>36.18755807334401</tilt>
					<range>810.8191644984098</range>
					<gx:altitudeMode>relativeToSeaFloor</gx:altitudeMode>
				</LookAt>
				<styleUrl>#m_ylw-pushpin25</styleUrl>
				<Point>
					<gx:drawOrder>1</gx:drawOrder>
					<coordinates>-0.2479604406549663,50.89150587812293,0</coordinates>
				</Point>
			</Placemark>
		</Folder>
	</Folder>
</Document>
</kml>
